date,iso,info_tweets,info_tweets_T,info_tweets_RE,info_tweets_RT,info_tweets_local,info_tweets_verified,info_tweets_unverified,info_fact_reliable,info_fact_unreliable,info_fact_unknown,info_fact_unreliable_fraction,info_fact_shadow,info_fact_missing,info_fact_science,info_fact_msm,info_fact_satire,info_fact_clickbait,info_fact_political,info_fact_fake,info_fact_conspiracy,info_iri,info_iri_T,info_iri_RE,info_iri_RT,info_dyn_iri,info_dyn_iri_RE,info_dyn_iri_RT,eco_open_close_fraction,epi_cases,epi_cases_new,epi_deaths,epi_deaths_new,epi_tests,epi_tests_new,epi_rt,epi_rt_low90,epi_rt_high90
2020-01-22,TUR,1097,222,53,822,372,34,1063,70,58,92,0.4531,55,0,9,61,0,0,43,7,8,0.5354,0.392,0.286,0.5765,0.4904,0.6429,0.4667,,,,,,,,,,
2020-01-23,TUR,10610,2527,221,7862,8873,125,10485,211,157,232,0.4266,131,0,36,175,0,4,134,15,4,0.3128,0.7364,0.8964,0.1111,0.4581,0.4118,0.4608,,,,,,,,,,
2020-01-24,TUR,7583,1400,190,5993,4557,84,7499,347,131,202,0.2741,137,0,63,284,0,3,81,34,13,0.195,0.3055,0.1915,0.1563,0.2655,0.3333,0.2604,,,,,,,,,,
2020-01-25,TUR,7710,1338,286,6086,2822,70,7640,621,167,207,0.2119,171,0,16,605,0,25,61,71,10,0.1008,0.106,0.0272,0.1023,0.2058,0.2,0.2061,,,,,,,,,,
2020-01-26,TUR,11144,1803,317,9024,4831,82,11062,591,214,370,0.2658,280,0,54,537,0,42,65,90,17,0.3549,0.1899,0.5241,0.3887,0.259,0.6,0.2489,,,,,,,,,,
2020-01-27,TUR,9847,2141,336,7370,4650,96,9751,390,198,231,0.3367,161,0,43,347,2,3,124,58,11,0.3524,0.3996,0.4539,0.272,0.3288,0.2105,0.3383,,,,,,,,,,
2020-01-28,TUR,7763,2068,317,5378,4388,137,7626,457,223,370,0.3279,278,0,34,423,1,5,132,75,10,0.2178,0.2155,0.7265,0.1888,0.3216,0.3333,0.3209,,,,,,,,,,
2020-01-29,TUR,6587,1810,282,4495,3301,131,6456,224,103,169,0.315,104,0,25,199,0,7,48,36,12,0.4614,0.4556,0.3005,0.4778,0.2736,0.6,0.2396,,,,,,,,,,
2020-01-30,TUR,11057,3124,593,7340,6091,185,10872,416,138,328,0.2491,180,0,24,392,0,24,76,23,15,0.0921,0.0591,0.152,0.1119,0.2596,0.3913,0.2514,,,,,,,,,,
2020-01-31,TUR,9128,2395,470,6263,4680,220,8908,346,126,281,0.2669,208,0,27,319,3,15,54,42,12,0.1951,0.5103,0.1131,0.0608,0.2925,0.4545,0.2804,,,,,,,,,,
2020-02-01,TUR,6908,1491,287,5130,4027,117,6791,154,74,250,0.3246,185,0,19,135,1,6,31,18,18,0.5831,0.5906,0.6275,0.5585,0.3467,0.4,0.3407,,,,,,,,,,
2020-02-02,TUR,8373,1645,433,6295,5377,113,8260,220,97,275,0.306,178,0,12,208,0,4,30,61,2,0.1555,0.0944,0.0382,0.2976,0.36,0.3333,0.3623,,,,,,,,,,
2020-02-03,TUR,4749,1156,155,3438,2767,119,4630,137,44,256,0.2431,197,0,13,124,0,5,20,10,9,0.1919,0.2336,0.0723,0.1273,0.2393,0.3125,0.2277,,,,,,,,,,
2020-02-04,TUR,3532,933,161,2438,1974,101,3431,105,34,142,0.2446,91,0,5,100,2,0,20,10,2,0.0561,0.0207,0.0112,0.1776,0.2809,0.7778,0.225,,,,,,,,,,
2020-02-05,TUR,3375,936,156,2283,1928,90,3285,115,27,160,0.1901,107,0,10,105,0,1,15,5,6,0.1288,0.1609,0.3434,0.0913,0.1932,0.5455,0.1429,,,,,,,,,,
2020-02-06,TUR,3265,756,212,2297,1683,67,3198,135,49,93,0.2663,79,0,6,129,0,1,39,5,4,0.0575,0.0587,0.4481,0.0542,0.3361,0.7,0.2626,,,,,,,,,,
2020-02-07,TUR,6388,1227,223,4938,4400,87,6301,445,40,121,0.0825,86,0,11,434,0,0,30,8,2,0.1124,0.2451,0.0211,0.1036,0.0704,0.7143,0.0485,,,,,,,,,,
2020-02-08,TUR,3279,647,137,2495,1440,65,3214,472,32,147,0.0635,125,0,10,462,0,0,22,5,5,0.088,0.01,0.0744,0.1411,0.0542,0.7,0.0393,,,,,,,,,,
2020-02-09,TUR,2959,621,222,2116,1280,59,2900,147,28,208,0.16,187,0,3,144,0,8,14,5,1,0.307,0.3518,0.3357,0.1741,0.1288,0.4,0.1181,,,,,,,,,,
2020-02-10,TUR,2808,702,245,1861,1241,74,2734,168,25,141,0.1295,127,0,19,149,0,1,21,3,0,0.0637,0.1296,0.4415,0.0272,0.1277,0.5294,0.0726,,,,,,,,,,
2020-02-11,TUR,2465,638,111,1716,1038,58,2407,88,48,88,0.3529,68,0,8,80,0,21,21,5,1,0.0708,0.038,0.9092,0.4724,0.4316,0.8,0.4111,,,,,,,,,,
2020-02-12,TUR,2534,633,103,1798,1187,59,2475,137,35,65,0.2035,51,0,0,137,0,8,21,2,4,0.2546,0.3675,1.0,0.0808,0.25,0.8333,0.2128,,,,,,,,,,
2020-02-13,TUR,3124,820,137,2167,1499,65,3059,249,49,93,0.1644,68,0,12,237,0,12,27,4,6,0.1413,0.1212,0.2549,0.17,0.1523,0.375,0.1429,,,,,,,,,,
2020-02-14,TUR,2148,542,88,1518,880,62,2086,132,41,61,0.237,47,0,3,129,0,7,27,6,1,0.1055,0.1443,1.0,0.0759,0.232,1.0,0.1504,,,,,,,,,,
2020-02-15,TUR,3351,530,86,2735,2048,42,3309,223,50,43,0.1832,32,0,3,220,0,2,23,21,4,0.8095,0.303,0.9961,0.4692,0.1754,0.6364,0.1521,,,,,,,,,,
2020-02-16,TUR,2365,435,73,1857,1083,42,2323,318,27,46,0.0783,29,0,23,295,0,3,17,3,4,0.0213,0.0049,0.3547,0.0298,0.0772,0.5,0.0618,,,,,,,,,,
2020-02-17,TUR,2014,480,116,1418,948,59,1955,79,23,52,0.2255,36,0,3,76,0,5,15,1,2,0.2493,0.0124,0.5524,0.4196,0.2576,0.75,0.1897,,,,,,,,,,
2020-02-18,TUR,2133,540,97,1496,914,49,2084,88,32,88,0.2667,63,0,7,81,0,1,20,8,3,0.0847,0.0821,0.7519,0.0748,0.2436,0.8,0.1618,,,,,,,,,,
2020-02-19,TUR,2299,539,109,1651,1110,52,2247,61,36,141,0.3711,129,0,6,55,0,5,20,8,3,0.4286,0.4832,0.4929,0.3215,0.4062,0.75,0.3269,,,,,,,,,,
2020-02-20,TUR,2341,536,94,1711,1285,66,2275,96,26,74,0.2131,61,0,11,85,0,2,17,3,4,0.2488,0.3684,0.7804,0.1703,0.2065,0.75,0.1818,,,,,,,,,,
2020-02-21,TUR,6440,1502,195,4743,4622,112,6328,187,33,106,0.15,71,0,13,174,0,1,25,6,1,0.1091,0.1501,0.0258,0.0769,0.1429,0.3333,0.1268,,,,,,,,,,
2020-02-22,TUR,6878,1509,309,5060,4968,96,6782,238,52,105,0.1793,61,0,12,226,1,1,38,8,4,0.3177,0.4678,0.112,0.1937,0.1584,0.4,0.1408,,,,,,,,,,
2020-02-23,TUR,10132,1568,349,8215,7580,149,9983,251,62,121,0.1981,75,0,8,243,0,2,49,10,1,0.2027,0.0842,0.3771,0.1891,0.1795,0.5625,0.1514,,,,,,,,,,
2020-02-24,TUR,8845,2195,358,6292,5214,167,8678,285,65,232,0.1857,156,0,19,266,0,5,47,9,4,0.2129,0.3003,0.0992,0.1104,0.1897,0.5238,0.1595,,,,,,,,,,
2020-02-25,TUR,11709,3463,666,7580,7549,237,11472,325,96,283,0.228,197,0,22,303,1,7,67,20,1,0.2314,0.2082,0.3345,0.2523,0.2159,0.5,0.1822,,,,,,,,,,
2020-02-26,TUR,10952,2887,601,7464,6717,207,10745,338,87,305,0.2047,226,0,26,312,3,7,55,21,1,0.1826,0.0799,0.4424,0.1435,0.2006,0.3438,0.1844,,,,,,,,,,
2020-02-27,TUR,7997,2154,409,5434,3995,179,7818,335,129,280,0.278,189,0,14,321,11,5,85,22,6,0.2797,0.5149,0.0287,0.1119,0.3028,0.3636,0.2983,,,,,,,,,,
2020-02-28,TUR,4751,1039,178,3534,845,97,4654,205,152,161,0.4258,121,0,11,194,3,29,73,18,29,0.0284,0.0081,0.0203,0.3555,0.4652,0.375,0.4708,,,,,,,,,,
2020-02-29,TUR,5884,1169,234,4481,1930,86,5798,280,119,236,0.2982,195,0,21,259,1,22,57,31,8,0.2447,0.1932,0.1084,0.3205,0.3025,0.4375,0.2943,,,,,,,,,,
2020-03-01,TUR,7279,1323,318,5638,2690,121,7158,323,116,276,0.2642,243,0,21,302,0,30,36,48,2,0.3945,0.331,0.0853,0.4558,0.2618,0.5238,0.2445,,,,,,,,,,
2020-03-02,TUR,7290,1422,246,5622,2503,129,7161,248,85,497,0.2553,440,0,13,235,0,20,46,14,5,0.2506,0.4198,0.1433,0.1077,0.2621,0.5,0.2435,,,,,,,,,,
2020-03-03,TUR,6925,1637,265,5023,2367,168,6757,224,91,338,0.2889,301,0,12,212,0,4,64,19,4,0.2168,0.1669,0.6398,0.2536,0.2911,0.7333,0.2576,,,,,,,,,,
2020-03-04,TUR,7961,1872,563,5526,2981,190,7771,331,133,289,0.2866,239,0,21,310,4,20,92,17,0,0.211,0.3396,0.0034,0.2401,0.2861,0.1081,0.3085,,,,,,,,,,
2020-03-05,TUR,8881,2079,399,6403,3993,196,8685,342,109,367,0.2417,319,0,11,331,1,10,85,10,3,0.2551,0.262,0.4523,0.2113,0.229,0.4667,0.2063,,,,,,,,,,
2020-03-06,TUR,10943,2219,448,8276,5952,205,10738,300,115,389,0.2771,338,0,6,294,1,48,52,13,1,0.3078,0.4088,0.1087,0.2209,0.3003,0.5185,0.2797,,,,,,,,,,
2020-03-07,TUR,11088,2049,488,8551,5496,185,10903,309,219,154,0.4148,116,0,11,298,0,157,47,12,3,0.3229,0.3113,0.0125,0.3749,0.4219,0.3571,0.4241,,,,,,,,,,
2020-03-08,TUR,8374,1647,378,6349,3524,151,8223,256,111,183,0.3025,143,0,8,248,1,39,52,15,4,0.2229,0.3463,0.0086,0.1635,0.3258,0.2941,0.328,,,,,,,,,,
2020-03-09,TUR,8119,1947,365,5807,3169,202,7917,239,101,247,0.2971,210,0,6,233,0,6,83,8,4,0.3923,0.3088,0.7619,0.4319,0.3458,0.6471,0.3229,,,,,,,,,,
2020-03-10,TUR,15646,4683,674,10289,9325,243,15403,368,73,409,0.1655,302,0,17,351,0,9,50,10,4,0.1221,0.0712,0.2519,0.171,0.1682,0.3529,0.1579,,,,,,,,,,
2020-03-11,TUR,19393,4585,551,14257,12423,260,19133,472,90,522,0.1601,380,0,17,455,3,15,62,9,1,0.0867,0.2374,0.1885,0.0403,0.1691,0.3333,0.1642,,1.0,1.0,,,,,,,
2020-03-12,TUR,11306,2504,407,8395,5116,202,11104,341,91,273,0.2106,214,0,13,328,1,1,79,9,1,0.1557,0.0396,0.788,0.1438,0.2168,0.28,0.2113,,1.0,0.0,,,,,,,
2020-03-13,TUR,11628,2385,383,8860,5788,197,11431,304,75,397,0.1979,311,0,40,264,0,8,53,12,2,0.3658,0.3075,0.069,0.3957,0.2028,0.25,0.2,,5.0,4.0,,,,,,,
2020-03-14,TUR,13008,2681,371,9956,6886,177,12831,296,66,302,0.1823,225,0,10,286,2,1,39,24,0,0.1167,0.1187,0.0977,0.116,0.1706,0.2353,0.166,,5.0,0.0,,,,,,,
2020-03-15,TUR,12371,2251,578,9542,7205,169,12202,219,120,195,0.354,132,0,7,212,1,7,102,10,0,0.3424,0.3958,0.0252,0.3508,0.3874,0.1667,0.3983,,6.0,1.0,,,,,,,
2020-03-16,TUR,17097,3737,497,12863,10616,246,16851,479,173,439,0.2653,276,0,13,466,0,2,160,11,0,0.0728,0.0027,0.2837,0.2629,0.3041,0.2308,0.306,,18.0,12.0,,,,,,,
2020-03-17,TUR,15692,3666,534,11492,9487,226,15466,348,88,348,0.2018,232,0,16,332,2,4,53,26,3,0.0622,0.0382,0.0609,0.1419,0.2278,0.4615,0.2069,,47.0,29.0,1.0,1.0,,,,,
2020-03-18,TUR,15510,3544,561,11405,9494,259,15251,362,79,362,0.1791,246,0,14,348,0,8,61,8,2,0.137,0.0296,0.0261,0.2378,0.2,0.375,0.1865,,98.0,51.0,1.0,0.0,,,,,
2020-03-19,TUR,19188,4090,540,14558,13144,298,18890,303,74,315,0.1963,233,0,14,289,1,11,49,12,1,0.4004,0.5917,0.0003,0.1748,0.2103,0.1333,0.2152,,192.0,94.0,3.0,2.0,,,,,
2020-03-20,TUR,15781,3323,584,11874,10147,246,15535,333,134,312,0.2869,217,0,14,319,0,17,112,3,2,0.2524,0.2151,0.0713,0.3085,0.3072,0.5,0.2957,,359.0,167.0,4.0,1.0,,,,,
2020-03-21,TUR,19251,3681,636,14934,13913,267,18984,348,149,443,0.2998,327,0,30,318,0,15,119,12,3,0.1122,0.0501,0.0002,0.1954,0.3227,0.0625,0.3333,,670.0,311.0,9.0,5.0,,,,,
2020-03-22,TUR,22537,4548,1004,16985,15609,244,22293,360,67,338,0.1569,171,0,21,339,0,7,41,9,10,0.287,0.1701,0.0052,0.4076,0.1541,0.0909,0.1586,,1236.0,566.0,30.0,21.0,,,,,
2020-03-23,TUR,17180,4076,612,12492,11696,287,16893,331,115,609,0.2578,154,0,18,313,0,14,81,11,9,0.0928,0.1092,0.0765,0.0889,0.2769,0.4737,0.2647,,1529.0,293.0,37.0,7.0,,,,,
2020-03-24,TUR,14249,3312,576,10361,9481,252,13997,289,86,279,0.2293,172,0,10,279,0,3,73,10,0,0.2294,0.2066,0.015,0.2479,0.261,0.2857,0.2597,,1872.0,343.0,44.0,7.0,,,,,
2020-03-25,TUR,15208,3757,662,10789,9778,241,14967,314,102,301,0.2452,213,0,14,300,0,11,66,21,4,0.3393,0.1162,0.4321,0.5433,0.2241,0.5455,0.1978,,2433.0,561.0,59.0,15.0,,,,,
2020-03-26,TUR,14580,3702,641,10237,9799,337,14243,368,100,334,0.2137,195,0,20,348,0,6,75,19,0,0.2141,0.1594,0.4629,0.2588,0.2041,0.3913,0.1905,,3629.0,1196.0,75.0,16.0,,,,,
2020-03-27,TUR,17441,4151,755,12535,12185,290,17151,431,130,388,0.2317,266,0,19,412,0,7,82,40,1,0.1534,0.0829,0.0208,0.2188,0.2296,0.3846,0.2186,,5698.0,2069.0,92.0,17.0,47823.0,7533.0,,,
2020-03-28,TUR,21786,4159,856,16771,16145,307,21479,355,75,304,0.1744,208,0,7,348,1,5,36,28,5,0.2343,0.0729,0.7062,0.2723,0.1617,0.3529,0.1503,,7402.0,1704.0,108.0,16.0,55464.0,7641.0,,,
2020-03-29,TUR,21025,3676,853,16496,15819,293,20732,305,91,351,0.2298,202,0,18,287,0,18,52,17,4,0.2792,0.3125,0.0181,0.2831,0.2,0.3214,0.1865,,9217.0,1815.0,131.0,23.0,65446.0,9982.0,,,
2020-03-30,TUR,18003,4304,749,12950,13234,275,17728,330,92,373,0.218,289,0,15,315,0,5,60,24,3,0.4576,0.2503,0.2825,0.5776,0.1931,0.4375,0.1628,,10827.0,1610.0,168.0,37.0,76981.0,11535.0,,,
2020-03-31,TUR,16500,4346,634,11520,11933,311,16189,248,87,278,0.2597,181,0,14,234,0,7,61,16,3,0.0729,0.0729,0.5365,0.0669,0.2612,0.6522,0.2207,,13531.0,2704.0,214.0,46.0,92403.0,15422.0,,,
2020-04-01,TUR,24235,4958,751,18526,18107,388,23847,204,111,259,0.3524,166,0,8,196,1,16,70,21,3,0.1582,0.0506,0.5303,0.3082,0.3812,0.3636,0.3831,,15679.0,2148.0,277.0,63.0,106799.0,14396.0,,,
2020-04-02,TUR,21926,4214,712,17000,16873,329,21597,261,85,448,0.2457,194,0,19,242,0,24,50,7,4,0.1737,0.3645,0.0729,0.1103,0.2689,0.2581,0.2705,,18135.0,2456.0,356.0,79.0,125556.0,18757.0,,,
2020-04-03,TUR,17608,3880,839,12889,12808,332,17276,514,109,345,0.175,213,0,22,492,0,15,74,17,3,0.0675,0.0335,0.0894,0.0949,0.1897,0.4231,0.1754,,20921.0,2786.0,425.0,69.0,141716.0,16160.0,,,
2020-04-04,TUR,17684,3503,660,13521,13088,267,17417,515,88,306,0.1459,209,0,28,487,0,7,55,23,3,0.1676,0.362,0.0833,0.0828,0.1554,0.3,0.1486,,23934.0,3013.0,501.0,76.0,161380.0,19664.0,,,
2020-04-05,TUR,21319,3953,816,16550,16465,285,21034,463,177,292,0.2766,168,0,28,435,1,48,88,38,2,0.3368,0.44,0.0371,0.2257,0.2888,0.2258,0.2933,,27069.0,3135.0,574.0,73.0,181445.0,20065.0,,,
2020-04-06,TUR,19447,4071,877,14499,14526,322,19125,456,155,390,0.2537,228,0,21,435,0,62,72,19,2,0.1534,0.13,0.0116,0.2215,0.2819,0.2903,0.2812,,30217.0,3148.0,649.0,75.0,202845.0,21400.0,,,
2020-04-07,TUR,15191,3580,800,10811,10508,334,14857,342,101,353,0.228,185,0,20,322,1,6,62,30,2,0.19,0.2345,0.1837,0.1461,0.2298,0.6757,0.1691,,34109.0,3892.0,725.0,76.0,222868.0,20023.0,,,
2020-04-08,TUR,20577,5167,816,14594,15554,406,20171,332,89,376,0.2114,240,0,9,323,0,10,67,11,1,0.1867,0.1577,0.028,0.2513,0.2509,0.3846,0.2375,,38226.0,4117.0,812.0,87.0,247768.0,24900.0,,,
2020-04-09,TUR,18535,3550,842,14143,14049,378,18157,301,90,351,0.2302,222,0,11,290,0,12,66,12,0,0.2551,0.2859,0.0927,0.1778,0.2357,0.25,0.2346,,42282.0,4056.0,908.0,96.0,276346.0,28578.0,,,
2020-04-10,TUR,23940,6249,1088,16603,18589,443,23497,288,95,991,0.248,206,0,16,272,0,7,68,15,5,0.3559,0.4776,0.322,0.1702,0.25,0.45,0.2331,,47029.0,4747.0,1006.0,98.0,307210.0,30864.0,,,
2020-04-11,TUR,17762,3867,838,13057,13001,250,17512,282,93,363,0.248,179,0,14,268,0,24,51,16,2,0.4444,0.5475,0.0762,0.2865,0.2481,0.2727,0.2458,,52167.0,5138.0,1101.0,95.0,340380.0,33170.0,,,
2020-04-12,TUR,19313,3946,813,14554,13896,335,18978,344,122,305,0.2618,184,0,10,334,0,26,75,14,7,0.1649,0.253,0.0132,0.1238,0.2741,0.2174,0.2783,,56956.0,4789.0,1198.0,97.0,376100.0,35720.0,,,
2020-04-13,TUR,17282,4494,794,11994,12681,386,16896,352,92,331,0.2072,219,0,13,339,0,3,71,17,1,0.1493,0.3075,0.4678,0.0876,0.2006,0.45,0.1845,,61049.0,4093.0,1296.0,98.0,410556.0,34456.0,,,
2020-04-14,TUR,19208,4803,786,13619,14587,378,18830,316,83,360,0.208,257,0,16,300,1,2,66,9,5,0.2179,0.162,0.4089,0.2925,0.247,0.4231,0.2262,,65111.0,4062.0,1403.0,107.0,443626.0,33070.0,,,
2020-04-15,TUR,15630,3564,781,11285,11131,369,15261,397,98,338,0.198,227,0,16,381,0,1,70,22,5,0.2155,0.3013,0.0623,0.1429,0.2107,0.4643,0.1862,,69392.0,4281.0,1518.0,115.0,477716.0,34090.0,,,
2020-04-16,TUR,18336,4082,870,13384,13678,381,17955,328,108,352,0.2477,255,0,8,320,1,2,90,12,3,0.1636,0.1742,0.0338,0.2289,0.2313,0.5,0.2,,74193.0,4801.0,1643.0,125.0,518143.0,40427.0,,,
2020-04-17,TUR,18927,3685,932,14310,14296,378,18549,331,83,347,0.2005,229,0,20,311,0,2,69,8,4,0.1008,0.0429,0.0445,0.1411,0.2075,0.4062,0.1832,,78546.0,4353.0,1769.0,126.0,558413.0,40270.0,,,
2020-04-18,TUR,19788,4424,850,14514,14993,345,19443,298,114,408,0.2767,256,0,24,274,0,3,70,27,14,0.4904,0.7954,0.0252,0.1356,0.2832,0.6667,0.2421,,82329.0,3783.0,1890.0,121.0,598933.0,40520.0,,,
2020-04-19,TUR,18528,3768,864,13896,13903,298,18230,263,113,235,0.3005,141,0,15,248,0,3,73,33,4,0.1562,0.1448,0.0857,0.1675,0.328,0.3889,0.3233,,86306.0,3977.0,2017.0,127.0,634277.0,35344.0,,,
2020-04-20,TUR,15154,3551,705,10898,10682,346,14808,331,158,306,0.3231,206,0,10,321,0,19,72,65,2,0.3458,0.4104,0.0965,0.2754,0.3448,0.4444,0.3364,,90980.0,4674.0,2140.0,123.0,673980.0,39703.0,,,
2020-04-21,TUR,14271,3340,728,10203,9971,381,13890,370,113,300,0.234,197,0,8,362,1,7,61,40,4,0.1647,0.1632,0.0269,0.1815,0.2689,0.3,0.2658,,95591.0,4611.0,2259.0,119.0,713409.0,39429.0,,,
2020-04-22,TUR,14309,3314,719,10276,10146,347,13962,344,111,375,0.244,293,0,16,328,1,2,85,21,2,0.116,0.2302,0.8084,0.0593,0.2696,0.4783,0.2534,,98674.0,3083.0,2376.0,117.0,750944.0,37535.0,,,
2020-04-23,TUR,15027,3138,724,11165,11054,264,14763,276,115,308,0.2941,234,0,14,262,0,4,93,16,2,0.2022,0.2072,0.035,0.2177,0.3602,0.3636,0.3596,,101790.0,3116.0,2491.0,115.0,791906.0,40962.0,,,
2020-04-24,TUR,14506,3181,631,10694,10137,358,14148,326,86,273,0.2087,189,0,21,305,2,2,74,6,2,0.1274,0.2177,0.1867,0.0531,0.2151,0.36,0.2008,,104912.0,3122.0,2600.0,109.0,830257.0,38351.0,,,
2020-04-25,TUR,19164,3837,857,14470,14305,372,18792,399,125,319,0.2385,228,0,16,383,0,5,107,10,3,0.0519,0.0259,0.2946,0.0726,0.2656,0.381,0.259,,107773.0,2861.0,2706.0,106.0,868565.0,38308.0,,,
2020-04-26,TUR,29056,4883,1025,23148,23108,418,28638,355,124,372,0.2589,257,0,9,346,0,4,105,10,5,0.1673,0.1858,0.0248,0.1499,0.2918,0.32,0.2895,,110130.0,2357.0,2805.0,99.0,898742.0,30177.0,,,
2020-04-27,TUR,17667,3566,756,13345,13544,357,17310,310,74,313,0.1927,216,0,8,302,0,4,60,8,2,0.1006,0.104,0.2634,0.0978,0.1922,0.6429,0.1685,,112261.0,2131.0,2900.0,95.0,918885.0,20143.0,,,
2020-04-28,TUR,17345,3575,618,13152,13155,410,16935,306,85,413,0.2174,166,0,9,297,0,4,70,9,2,0.3441,0.2372,0.6601,0.0894,0.2263,0.7241,0.1673,,114653.0,2392.0,2992.0,92.0,948115.0,29230.0,,,
2020-04-29,TUR,16662,3618,742,12302,12463,428,16234,344,90,249,0.2074,176,0,25,319,0,10,63,8,9,0.1471,0.162,0.0076,0.1576,0.2389,0.2632,0.2372,,117589.0,2936.0,3081.0,89.0,991613.0,43498.0,,,
2020-04-30,TUR,17352,3635,735,12982,13020,426,16926,281,92,329,0.2466,219,0,17,264,0,1,71,19,1,0.254,0.4157,0.0071,0.1264,0.2387,0.5789,0.2098,,120204.0,2615.0,3174.0,93.0,1033617.0,42004.0,,,
2020-05-01,TUR,15755,3204,785,11766,11439,367,15388,320,74,371,0.1878,259,0,27,293,1,1,64,7,1,0.0872,0.1421,0.187,0.0516,0.2375,0.4194,0.213,,122392.0,2188.0,3258.0,84.0,1075048.0,41431.0,,,
2020-05-02,TUR,19010,3827,806,14377,14741,351,18659,302,76,324,0.2011,216,0,24,278,0,1,59,14,2,0.2822,0.3632,0.0118,0.2435,0.1911,0.2632,0.185,,124375.0,1983.0,3336.0,78.0,1111366.0,36318.0,,,
2020-05-03,TUR,18507,3889,706,13912,14146,334,18173,240,105,315,0.3043,204,0,9,231,0,4,80,21,0,0.3365,0.237,0.245,0.4398,0.3186,0.4375,0.3095,,126045.0,1670.0,3397.0,61.0,1135367.0,24001.0,,,
2020-05-04,TUR,16385,4243,825,11317,11461,400,15985,278,137,351,0.3301,230,0,19,259,0,30,94,8,5,0.4097,0.1908,0.1216,0.591,0.3897,0.7407,0.351,,127659.0,1614.0,3461.0,64.0,1171138.0,35771.0,,,
2020-05-05,TUR,14797,3259,670,10868,10286,368,14429,340,84,277,0.1981,191,0,28,312,0,15,46,19,4,0.1736,0.434,0.0204,0.0719,0.2063,0.56,0.1724,,129491.0,1832.0,3520.0,59.0,1204421.0,33283.0,,,
2020-05-06,TUR,14987,3485,777,10725,10868,398,14589,244,103,325,0.2968,206,0,14,230,0,3,54,39,7,0.2632,0.2694,0.0448,0.2802,0.2992,0.3333,0.2965,,131744.0,2253.0,3584.0,64.0,1234724.0,30303.0,,,
2020-05-07,TUR,14668,3432,679,10557,10492,405,14263,391,156,287,0.2852,201,0,19,372,0,54,67,33,2,0.2528,0.3651,0.3278,0.1683,0.3233,0.6296,0.3011,,133721.0,1977.0,3641.0,57.0,1265119.0,30395.0,,,
2020-05-08,TUR,16128,3612,822,11694,12070,445,15683,270,92,355,0.2541,214,0,10,260,0,3,77,11,1,0.3306,0.5634,0.0715,0.1321,0.2955,0.7368,0.2588,,135569.0,1848.0,3689.0,48.0,1298806.0,33687.0,,,
2020-05-09,TUR,17195,3489,694,13012,13330,330,16865,290,101,347,0.2583,241,0,16,274,0,2,75,19,5,0.2091,0.1061,0.9681,0.281,0.2671,0.5556,0.2482,,137115.0,1546.0,3739.0,50.0,1334411.0,35605.0,,,
2020-05-10,TUR,13829,2686,616,10527,9762,292,13537,263,96,357,0.2674,231,0,7,256,0,11,64,16,5,0.3182,0.4188,0.7672,0.1554,0.2463,0.5714,0.2283,,138657.0,1542.0,3786.0,47.0,1370598.0,36187.0,,,
2020-05-11,TUR,15999,3401,659,11939,11402,349,15650,289,72,277,0.1994,206,0,12,277,0,10,50,9,3,0.2286,0.2337,0.0,0.2325,0.2068,0.0,0.2178,,139771.0,1114.0,3841.0,55.0,1403320.0,32722.0,,,
2020-05-12,TUR,14034,3236,572,10226,9924,369,13665,310,49,246,0.1365,171,0,21,289,0,0,35,11,3,0.3169,0.5013,0.1468,0.0948,0.1231,0.1,0.124,,141475.0,1704.0,3894.0,53.0,1440671.0,37351.0,,,
2020-05-13,TUR,17175,3841,928,12406,12604,413,16762,279,67,282,0.1936,186,0,22,257,1,11,45,7,3,0.2453,0.2872,0.8494,0.1488,0.1983,0.2857,0.1956,,143114.0,1639.0,3952.0,58.0,1474003.0,33332.0,,,
2020-05-14,TUR,16947,3753,669,12525,13274,415,16532,276,60,255,0.1786,167,0,14,262,1,3,46,8,2,0.1942,0.1306,0.4589,0.279,0.1887,0.4583,0.1543,,144749.0,1635.0,4007.0,55.0,1508824.0,34821.0,,,
2020-05-15,TUR,15022,3269,661,11092,10730,362,14660,289,85,466,0.2273,187,0,31,258,0,1,60,8,16,0.1795,0.2062,0.4565,0.1434,0.2426,0.5,0.2222,,146457.0,1708.0,4055.0,48.0,1547389.0,38565.0,,,
2020-05-16,TUR,16092,3419,861,11812,12046,317,15775,283,81,352,0.2225,249,0,16,267,0,4,65,8,4,0.2164,0.2898,0.4387,0.097,0.214,0.6111,0.1841,,148067.0,1610.0,4096.0,41.0,1589625.0,42236.0,,,
2020-05-17,TUR,13491,2806,808,9877,9714,316,13175,211,99,278,0.3194,182,0,8,203,0,3,80,12,4,0.0959,0.0218,0.0396,0.368,0.3709,0.5625,0.3553,,149435.0,1368.0,4140.0,44.0,1624994.0,35369.0,,,
2020-05-18,TUR,12799,3031,777,8991,8492,332,12467,245,104,213,0.298,140,0,7,238,0,8,65,16,15,0.1238,0.0428,0.6868,0.1766,0.3276,0.6957,0.2871,,150593.0,1158.0,4171.0,31.0,1650135.0,25141.0,,,
2020-05-19,TUR,11212,2404,641,8167,7459,338,10874,408,85,264,0.1724,203,0,20,388,0,4,53,22,6,0.0711,0.0532,0.5115,0.223,0.1857,0.6316,0.1601,,151615.0,1022.0,4199.0,28.0,1675517.0,25382.0,,,
2020-05-20,TUR,13949,3180,607,10162,9743,418,13531,250,86,347,0.256,233,0,17,233,0,10,58,15,3,0.2552,0.1071,0.6263,0.4346,0.2812,0.5882,0.256,,152587.0,972.0,4222.0,23.0,1696355.0,20838.0,,,
2020-05-21,TUR,16430,3204,693,12533,12895,351,16079,296,69,255,0.189,163,0,12,284,0,3,57,7,2,0.0591,0.099,0.3044,0.0253,0.2095,0.6875,0.1772,,153548.0,961.0,4249.0,27.0,1729988.0,33633.0,,,
2020-05-22,TUR,15234,3357,730,11147,11040,369,14865,251,90,294,0.2639,191,0,13,238,0,5,65,15,5,0.0314,0.0197,0.0119,0.0779,0.2963,0.4762,0.2769,,154500.0,952.0,4276.0,27.0,1767495.0,37507.0,,,
2020-05-23,TUR,12078,2848,627,8603,8446,290,11788,234,141,288,0.376,220,0,21,213,0,32,89,17,3,0.2415,0.119,0.024,0.3516,0.4332,0.1429,0.4487,,155686.0,1186.0,4308.0,32.0,1807673.0,40178.0,,,
2020-05-24,TUR,11061,2531,629,7901,7304,219,10842,224,76,152,0.2533,115,0,13,211,0,9,48,11,8,0.1795,0.1226,0.1138,0.3542,0.3125,0.4706,0.2956,,156827.0,1141.0,4340.0,32.0,1832262.0,24589.0,,,
2020-05-25,TUR,13240,2591,626,10023,9112,303,12937,333,57,224,0.1462,172,0,21,312,1,2,39,11,4,0.0715,0.0434,0.1154,0.1087,0.1594,0.3571,0.1345,,157814.0,987.0,4369.0,29.0,1853754.0,21492.0,,,
2020-05-26,TUR,14669,2859,668,11142,10645,285,14384,305,92,271,0.2317,200,0,16,289,1,2,70,13,6,0.1738,0.2058,0.9568,0.115,0.2594,0.5926,0.2256,,158762.0,948.0,4397.0,28.0,1873607.0,19853.0,,,
2020-05-27,TUR,12485,2999,649,8837,8801,325,12160,280,63,344,0.1837,163,0,26,254,1,3,49,8,2,0.1126,0.1246,0.0361,0.0781,0.1689,0.2727,0.1576,,159797.0,1035.0,4431.0,34.0,1894650.0,21043.0,,,
2020-05-28,TUR,13018,3353,633,9032,9140,375,12643,235,54,247,0.1869,163,0,16,219,0,1,43,9,1,0.0302,0.0089,0.2175,0.0608,0.2181,0.4444,0.1941,,160979.0,1182.0,4461.0,30.0,1928209.0,33559.0,,,
2020-05-29,TUR,14076,2991,644,10441,9285,344,13732,487,80,196,0.1411,138,0,19,468,0,9,63,7,1,0.0611,0.0562,0.1315,0.0707,0.1924,0.25,0.1896,,162120.0,1141.0,4489.0,28.0,1964364.0,36155.0,,,
2020-05-30,TUR,17557,3301,847,13409,13024,277,17280,250,72,302,0.2236,175,0,6,244,0,1,65,5,1,0.1971,0.1343,0.2025,0.2407,0.2616,0.25,0.2618,,163103.0,983.0,4515.0,26.0,2003594.0,39230.0,,,
2020-05-31,TUR,21091,4129,983,15979,15939,315,20776,178,58,226,0.2458,141,0,10,168,0,1,51,4,2,0.5156,0.5432,0.9793,0.4197,0.2654,0.6667,0.2579,,163942.0,839.0,4540.0,25.0,2039194.0,35600.0,,,
2020-06-01,TUR,16951,3456,713,12782,12720,309,16642,167,59,267,0.2611,196,0,8,159,1,12,37,6,3,0.4491,0.5997,0.9872,0.1117,0.2638,0.6,0.2418,,164769.0,827.0,4563.0,23.0,2070719.0,31525.0,,,
2020-06-02,TUR,16587,3328,764,12495,11694,346,16241,329,97,213,0.2277,173,0,11,318,0,2,70,24,1,0.1757,0.1839,0.1857,0.1688,0.2105,0.3333,0.2079,,165555.0,786.0,4585.0,22.0,2103044.0,32325.0,,,
2020-06-03,TUR,14866,3000,734,11132,10468,355,14511,654,72,228,0.0992,169,0,17,637,0,5,56,11,0,0.0658,0.0849,0.2099,0.0585,0.0965,0.4286,0.0927,,166422.0,867.0,4609.0,24.0,2155349.0,52305.0,,,
2020-06-04,TUR,15454,3200,725,11529,11008,308,15146,198,53,222,0.2112,181,0,14,184,0,2,40,11,0,0.1136,0.0228,0.0126,0.2599,0.2191,0.1667,0.2229,,167410.0,988.0,4630.0,21.0,2209583.0,54234.0,,,
2020-06-05,TUR,13675,3343,731,9601,9774,331,13344,182,52,238,0.2222,189,0,26,156,0,3,44,3,2,0.2429,0.2686,0.0286,0.1901,0.245,0.25,0.2449,,168340.0,930.0,4648.0,18.0,2267412.0,57829.0,,,
2020-06-06,TUR,14818,2738,573,11507,11166,218,14600,289,42,187,0.1269,145,0,6,283,0,6,27,5,4,0.1167,0.1551,0.0003,0.2303,0.1111,0.3333,0.1057,,169218.0,878.0,4669.0,21.0,2303258.0,35846.0,,,
2020-06-07,TUR,17400,3697,732,12971,13789,267,17133,216,35,178,0.1394,113,0,6,210,0,0,22,6,7,0.1694,0.1875,0.0068,0.1344,0.1444,0.125,0.1453,,170132.0,914.0,4692.0,23.0,2338593.0,35335.0,,,
2020-06-08,TUR,14638,3221,715,10702,11143,342,14296,330,31,267,0.0859,181,0,28,302,0,2,24,1,4,0.0126,0.0131,0.0153,0.012,0.0803,0.0714,0.0809,,171121.0,989.0,4711.0,19.0,2377954.0,39361.0,,,
2020-06-09,TUR,14067,3043,775,10249,10726,375,13692,229,45,253,0.1642,173,0,15,214,0,2,28,9,6,0.2244,0.4929,0.037,0.1271,0.1722,0.4667,0.1495,,172114.0,993.0,4729.0,18.0,2415179.0,37225.0,,,
2020-06-10,TUR,12515,2722,637,9156,9138,312,12203,204,41,227,0.1673,177,0,21,183,0,3,28,7,3,0.0587,0.0322,0.2072,0.1004,0.1938,0.6667,0.1656,,173036.0,922.0,4746.0,17.0,2451700.0,36521.0,,,
2020-06-11,TUR,11984,2621,714,8649,8605,353,11631,97,37,94,0.2761,66,0,8,89,0,0,32,2,3,0.3164,0.3797,1.0,0.2823,0.3043,1.0,0.2644,,174023.0,987.0,4763.0,17.0,2500890.0,49190.0,,,
2020-06-12,TUR,18542,4659,774,13109,14767,332,18210,158,52,279,0.2476,204,0,8,150,1,3,42,6,0,0.3765,0.4285,0.3746,0.3003,0.2653,0.6364,0.2353,,175218.0,1195.0,4778.0,15.0,2541903.0,41013.0,,,
2020-06-13,TUR,24577,6804,990,16783,20338,272,24305,215,72,190,0.2509,122,0,4,211,0,2,56,10,4,0.1335,0.0683,0.1453,0.2091,0.2825,0.375,0.2791,,176677.0,1459.0,4792.0,14.0,2586995.0,45092.0,,,
2020-06-14,TUR,24433,5633,909,17891,20643,265,24168,197,60,244,0.2335,150,0,8,189,0,0,45,10,5,0.1561,0.1397,0.1756,0.1646,0.245,0.2308,0.246,,178239.0,1562.0,4807.0,15.0,2632171.0,45176.0,,,
2020-06-15,TUR,21882,5223,930,15729,16409,299,21583,219,62,355,0.2206,284,0,14,205,0,0,40,18,4,0.2155,0.311,0.0589,0.0788,0.2373,0.4667,0.216,,179831.0,1592.0,4825.0,18.0,2674203.0,42032.0,,,
2020-06-16,TUR,16291,3981,934,11376,11518,341,15950,278,67,679,0.1942,580,0,17,261,0,1,50,13,3,0.0729,0.1123,0.0779,0.0493,0.2284,0.5417,0.1923,,181298.0,1467.0,4842.0,17.0,2721003.0,46800.0,,,
2020-06-17,TUR,14335,3569,1009,9757,10271,296,14039,222,110,272,0.3313,200,0,15,207,0,2,81,24,3,0.2234,0.16,0.051,0.3039,0.3347,0.5455,0.3247,,182727.0,1429.0,4861.0,19.0,2773904.0,52901.0,,,
2020-06-18,TUR,14395,3300,784,10311,10082,316,14079,415,43,250,0.0939,168,0,12,403,0,0,35,6,2,0.0987,0.0433,0.0867,0.1936,0.0865,0.4286,0.0799,,184031.0,1304.0,4882.0,21.0,2822316.0,48412.0,,,
2020-06-19,TUR,12297,2952,631,8714,8576,306,11991,421,59,225,0.1229,143,0,15,406,0,1,55,3,0,0.1618,0.2366,0.4415,0.0963,0.1218,0.5714,0.1053,,185245.0,1214.0,4905.0,23.0,2863632.0,41316.0,,,
2020-06-20,TUR,18079,3981,971,13127,14322,281,17798,187,53,177,0.2208,123,0,8,179,0,0,41,7,5,0.2429,0.1838,0.1661,0.2918,0.212,0.4615,0.193,,186493.0,1248.0,4927.0,22.0,2904744.0,41112.0,,,
2020-06-21,TUR,12516,2554,805,9157,9354,211,12305,171,54,123,0.24,86,0,10,161,0,2,40,9,3,0.1143,0.1196,0.0663,0.1226,0.2384,0.3333,0.2273,,187685.0,1192.0,4950.0,23.0,2945240.0,40496.0,,,
2020-06-22,TUR,12508,2684,590,9234,9011,245,12263,209,43,243,0.1706,201,0,21,188,0,0,37,6,0,0.172,0.1793,0.0855,0.1658,0.1559,0.5556,0.1356,,188897.0,1212.0,4974.0,24.0,2986653.0,41413.0,,,
2020-06-23,TUR,12298,2645,672,8981,8060,277,12021,200,63,207,0.2395,131,0,16,184,0,3,50,5,5,0.0777,0.0521,0.2683,0.0979,0.2391,0.5909,0.1914,,190165.0,1268.0,5001.0,27.0,3029635.0,42982.0,,,
2020-06-24,TUR,11410,2734,614,8062,7772,261,11149,194,59,185,0.2332,148,0,19,175,1,0,50,4,4,0.2277,0.2628,0.5079,0.1981,0.2717,0.6875,0.2321,,191657.0,1492.0,5025.0,24.0,3083121.0,53486.0,,,
2020-06-25,TUR,10453,2573,592,7288,7194,253,10200,222,46,192,0.1716,139,0,19,203,0,0,32,11,3,0.3197,0.2951,0.5569,0.3402,0.1957,0.65,0.1402,,193115.0,1458.0,5046.0,21.0,3135424.0,52303.0,,,
2020-06-26,TUR,11817,3584,570,7663,8147,251,11566,177,47,183,0.2098,137,0,13,164,0,0,34,13,0,0.0984,0.0757,0.4274,0.1326,0.2222,0.5882,0.1765,,194511.0,1396.0,5065.0,19.0,3186622.0,51198.0,,,
2020-06-27,TUR,11163,2451,665,8047,7775,238,10925,172,66,201,0.2773,146,0,13,159,0,1,50,12,3,0.1596,0.1384,0.149,0.2455,0.3012,0.4118,0.2886,,195883.0,1372.0,5082.0,17.0,3231835.0,45213.0,,,
2020-06-28,TUR,9945,1987,564,7394,6545,189,9756,182,38,157,0.1727,117,0,11,171,0,1,27,7,3,0.1386,0.1219,0.0958,0.1585,0.1491,0.4118,0.1181,,197239.0,1356.0,5097.0,15.0,3280144.0,48309.0,,,
2020-06-29,TUR,9597,2358,539,6700,6320,245,9352,247,47,189,0.1599,148,0,15,232,0,1,35,7,4,0.1496,0.1898,0.1151,0.0977,0.1778,0.8,0.1412,,198613.0,1374.0,5115.0,18.0,3331158.0,51014.0,,,
2020-06-30,TUR,9628,2220,501,6907,6740,234,9394,182,39,189,0.1765,136,0,13,169,0,4,23,9,3,0.1684,0.2885,0.0083,0.0508,0.1678,0.5,0.1533,,199906.0,1293.0,5131.0,16.0,3381650.0,50492.0,,,
2020-07-01,TUR,11257,2369,547,8341,7777,284,10973,199,33,185,0.1422,138,0,14,185,0,0,22,8,3,0.278,0.3337,0.0714,0.1489,0.1446,0.4,0.1192,,201098.0,1192.0,5150.0,19.0,3433963.0,52313.0,,,
2020-07-02,TUR,12886,2571,519,9796,9715,270,12616,190,55,194,0.2245,147,0,14,176,0,0,42,11,2,0.1412,0.2708,0.0635,0.0738,0.2303,0.8462,0.1818,,202284.0,1186.0,5167.0,17.0,3483677.0,49714.0,,,
2020-07-03,TUR,7475,1847,494,5134,4375,205,7270,189,95,213,0.3345,180,0,6,183,0,2,75,8,10,0.1661,0.1273,0.7845,0.1906,0.3268,0.6667,0.3,,203456.0,1172.0,5186.0,19.0,3535818.0,52141.0,,,
2020-07-04,TUR,10039,1847,530,7662,6741,210,9829,219,53,131,0.1949,91,0,14,205,0,3,31,4,15,0.1486,0.1114,0.0,0.3011,0.2019,0.0,0.2059,,204610.0,1154.0,5206.0,20.0,3584066.0,48248.0,,,
2020-07-05,TUR,10440,2041,517,7882,7202,194,10246,203,46,213,0.1847,179,0,6,197,0,0,31,7,8,0.0599,0.005,0.0291,0.1109,0.2169,0.625,0.1989,,205758.0,1148.0,5225.0,19.0,3630480.0,46414.0,,,
2020-07-06,TUR,8599,1843,506,6250,5577,210,8389,239,57,142,0.1926,117,0,10,229,0,0,49,4,4,0.2466,0.3399,0.0518,0.1616,0.1667,0.5294,0.1374,,206844.0,1086.0,5241.0,16.0,3682673.0,52193.0,,,
2020-07-07,TUR,8539,2042,496,6001,5218,228,8311,281,65,195,0.1879,145,0,5,276,0,3,55,4,3,0.4734,0.603,0.0784,0.1898,0.1882,0.5,0.1674,,207897.0,1053.0,5260.0,19.0,3733218.0,50545.0,,,
2020-07-08,TUR,8468,2018,515,5935,5233,224,8244,202,55,155,0.214,112,0,15,187,0,1,43,5,6,0.3179,0.5783,0.0723,0.1073,0.2155,0.8333,0.1716,,208938.0,1041.0,5282.0,22.0,3782520.0,49302.0,,,
2020-07-09,TUR,8765,1913,497,6355,5287,219,8546,164,47,169,0.2227,134,0,10,154,0,0,37,7,3,0.3586,0.3873,0.8873,0.2383,0.2179,0.9,0.1712,,209962.0,1024.0,5300.0,18.0,3832623.0,50103.0,,,
2020-07-10,TUR,9401,1997,553,6851,6065,224,9177,239,60,190,0.2007,164,0,10,229,2,2,47,6,3,0.5087,0.6608,0.3039,0.1254,0.1612,0.6316,0.1211,,210965.0,1003.0,5323.0,23.0,3881410.0,48787.0,,,
2020-07-11,TUR,9726,1685,523,7518,6844,165,9561,149,48,146,0.2437,115,0,10,139,0,7,34,2,5,0.2532,0.2026,0.4925,0.2671,0.2564,0.5,0.2286,,211981.0,1016.0,5344.0,21.0,3930223.0,48813.0,,,
2020-07-12,TUR,8021,1568,446,6007,4644,162,7859,215,64,197,0.2294,172,0,11,204,1,0,42,9,12,0.2647,0.4878,0.6274,0.0888,0.2197,0.7273,0.1934,,212993.0,1012.0,5363.0,19.0,3975455.0,45232.0,,,
2020-07-13,TUR,7641,1692,437,5512,4506,163,7478,208,69,238,0.2491,210,0,3,205,0,3,47,14,5,0.2688,0.2398,0.2193,0.2979,0.2336,0.7143,0.2,,214001.0,1008.0,5382.0,19.0,4021947.0,46492.0,,,
2020-07-14,TUR,9391,1837,617,6937,6246,222,9169,165,65,174,0.2826,156,0,7,158,1,1,49,11,3,0.2376,0.1158,0.0632,0.4577,0.3145,0.5789,0.2786,,214993.0,992.0,5402.0,20.0,4065178.0,43231.0,,,
2020-07-15,TUR,8145,1527,414,6204,4746,154,7991,172,51,163,0.2287,133,0,13,159,0,1,42,6,2,0.0593,0.0218,0.4589,0.086,0.2454,0.5455,0.2237,,215940.0,947.0,5419.0,17.0,4107498.0,42320.0,,,
2020-07-16,TUR,6400,1352,387,4661,3842,162,6238,147,65,118,0.3066,98,0,16,131,0,21,38,5,1,0.1583,0.1533,0.1074,0.1656,0.3544,0.5789,0.3237,,216873.0,933.0,5440.0,21.0,4149909.0,42411.0,,,
2020-07-17,TUR,9751,2175,432,7144,6821,226,9525,145,65,178,0.3095,147,0,9,136,1,11,45,3,5,0.851,0.9168,0.4571,0.2747,0.3673,0.8462,0.3209,,217799.0,926.0,5458.0,18.0,4191124.0,41215.0,,,
2020-07-18,TUR,10963,1917,471,8575,7985,177,10786,176,46,267,0.2072,241,0,7,169,0,2,33,3,8,0.0654,0.0164,0.7082,0.2478,0.2025,0.75,0.1742,,218717.0,918.0,5475.0,17.0,4232067.0,40943.0,,,
2020-07-19,TUR,9700,1873,522,7305,6575,168,9532,172,42,229,0.1963,187,0,6,166,0,1,32,4,5,0.2876,0.0634,0.0759,0.5079,0.2038,0.2143,0.2028,,219641.0,924.0,5491.0,16.0,4273377.0,41310.0,,,
2020-07-20,TUR,8136,1764,476,5896,4827,188,7948,244,60,186,0.1974,155,0,6,238,0,1,51,2,6,0.0818,0.0297,0.2574,0.0954,0.2403,0.7143,0.1934,,220572.0,931.0,5508.0,17.0,4316781.0,43404.0,,,
2020-07-21,TUR,9146,1867,454,6825,6075,222,8924,178,47,180,0.2089,148,0,26,152,0,1,36,5,5,0.1531,0.0903,0.2429,0.1882,0.2171,0.4444,0.1911,,221500.0,928.0,5526.0,18.0,4359627.0,42846.0,,,
2020-07-22,TUR,9870,2123,510,7237,6770,218,9652,160,67,181,0.2952,156,0,29,131,1,2,52,8,4,0.237,0.2201,0.598,0.2597,0.3226,0.8235,0.2609,,222402.0,902.0,5545.0,19.0,4403031.0,43404.0,,,
2020-07-23,TUR,8335,1857,450,6028,5575,195,8140,186,53,173,0.2218,143,0,18,168,0,1,38,11,3,0.1129,0.0619,0.8253,0.1718,0.235,0.8333,0.193,,223315.0,913.0,5563.0,18.0,4446374.0,43343.0,,,
2020-07-24,TUR,9469,2361,725,6383,6513,207,9262,185,36,198,0.1629,168,0,15,170,0,6,25,4,1,0.0527,0.013,0.0105,0.35,0.1859,0.6667,0.1565,,224252.0,937.0,5580.0,17.0,4489360.0,42986.0,,,
2020-07-25,TUR,7781,1584,487,5710,4806,147,7634,207,55,95,0.2099,71,0,7,200,0,6,36,10,3,0.2126,0.3809,0.8679,0.0435,0.2108,0.7778,0.1846,,225173.0,921.0,5596.0,16.0,4532672.0,43312.0,,,
2020-07-26,TUR,8187,1463,510,6214,5418,152,8035,191,52,96,0.214,74,0,12,179,0,3,42,5,2,0.1657,0.1306,0.5349,0.1905,0.1958,0.625,0.1561,,226100.0,927.0,5613.0,17.0,4572688.0,40016.0,,,
2020-07-27,TUR,8313,1793,501,6019,5190,224,8089,219,44,161,0.1673,121,0,12,207,0,1,30,8,5,0.098,0.013,0.4653,0.227,0.1846,0.8125,0.1285,,227019.0,919.0,5630.0,17.0,4617971.0,45283.0,,,
2020-07-28,TUR,10430,2295,511,7624,7294,210,10220,213,79,181,0.2705,110,0,19,194,0,2,65,6,6,0.1328,0.0676,0.157,0.2152,0.3005,0.6316,0.268,,227982.0,963.0,5645.0,15.0,4665383.0,47412.0,,,
2020-07-29,TUR,9884,2066,590,7228,6809,238,9646,195,80,144,0.2909,104,0,8,187,0,3,52,18,7,0.2436,0.0554,0.4828,0.3456,0.3019,0.75,0.2653,,228924.0,942.0,5659.0,14.0,4711095.0,45712.0,,,
2020-07-30,TUR,9348,1871,489,6988,6398,204,9144,210,65,168,0.2364,115,0,46,164,0,4,41,18,2,0.175,0.0822,0.6635,0.2586,0.2153,0.6429,0.1846,,229891.0,967.0,5674.0,15.0,4754331.0,43236.0,,,
2020-07-31,TUR,7755,1576,505,5674,4974,171,7584,212,45,122,0.1751,98,0,47,165,0,3,30,8,4,0.1087,0.0323,0.1822,0.23,0.1799,0.4545,0.1629,,230873.0,982.0,5691.0,17.0,4800823.0,46492.0,,,
2020-08-01,TUR,9496,2014,631,6851,6699,158,9338,149,61,153,0.2905,120,0,9,140,0,1,47,8,5,0.1057,0.0747,0.6002,0.1391,0.2815,0.7,0.248,,231869.0,996.0,5710.0,19.0,4845669.0,44846.0,,,
2020-08-02,TUR,9065,2031,713,6321,6170,139,8926,153,46,135,0.2312,88,0,7,146,0,3,37,4,2,0.1789,0.023,0.1166,0.3299,0.25,0.45,0.2167,,232856.0,987.0,5728.0,18.0,4885916.0,40247.0,,,
2020-08-03,TUR,13836,2899,828,10109,10806,183,13653,412,64,176,0.1345,138,0,13,399,0,2,43,14,5,0.0869,0.0154,0.3463,0.2122,0.1742,0.64,0.1333,,233851.0,995.0,5747.0,19.0,4927217.0,41301.0,,,
2020-08-04,TUR,22696,4790,955,16951,19377,294,22402,244,76,280,0.2375,243,0,13,231,0,4,53,10,9,0.0943,0.3464,0.0869,0.0704,0.2615,0.6154,0.239,,234934.0,1083.0,5765.0,18.0,4973466.0,46249.0,,,
2020-08-05,TUR,20740,3877,1109,15754,17545,294,20446,158,37,260,0.1897,198,0,15,143,0,1,29,4,3,0.1941,0.1188,0.4304,0.262,0.2,0.3125,0.1855,,236112.0,1178.0,5784.0,19.0,5027308.0,53842.0,,,
2020-08-06,TUR,17402,3715,1005,12682,14041,342,17060,198,51,213,0.2048,158,0,14,184,0,3,37,5,6,0.2258,0.2445,0.0514,0.2307,0.2071,0.2917,0.1931,,237265.0,1153.0,5798.0,14.0,5081802.0,54494.0,,,
2020-08-07,TUR,15155,3246,911,10998,11704,273,14882,220,62,191,0.2199,129,0,29,191,0,2,44,12,4,0.1312,0.0929,0.2346,0.2528,0.2275,0.4444,0.2073,,238450.0,1185.0,5813.0,15.0,5138528.0,56726.0,,,
2020-08-08,TUR,11691,2354,816,8521,9033,184,11507,197,49,219,0.1992,179,0,26,171,0,3,34,5,7,0.3266,0.368,0.3514,0.2778,0.1949,0.4167,0.1803,,239622.0,1172.0,5829.0,16.0,5202370.0,63842.0,,,
2020-08-09,TUR,15420,2911,848,11661,12213,183,15237,200,64,188,0.2424,138,0,27,173,0,3,42,10,9,0.184,0.0732,0.0841,0.3668,0.2695,0.5,0.2484,,240804.0,1182.0,5844.0,15.0,5263816.0,61446.0,,,
2020-08-10,TUR,15841,3303,785,11753,12568,260,15581,196,85,201,0.3025,156,0,22,174,0,5,64,8,8,0.1808,0.0885,0.8718,0.2684,0.3529,0.75,0.3281,,241997.0,1193.0,5858.0,14.0,5326035.0,62219.0,,,
2020-08-11,TUR,16150,4100,910,11140,12417,241,15909,274,93,340,0.2534,299,0,21,253,2,2,53,29,7,0.2373,0.1621,0.2072,0.3583,0.2619,0.5455,0.2348,,243180.0,1183.0,5873.0,15.0,5387751.0,61716.0,,,
2020-08-12,TUR,14194,3240,881,10073,10708,272,13922,418,72,359,0.1469,315,0,22,396,0,3,50,14,5,0.1863,0.288,0.0983,0.125,0.1454,0.3889,0.1337,,244392.0,1212.0,5891.0,18.0,5454988.0,67237.0,,,
2020-08-13,TUR,15375,3789,866,10720,12412,293,15082,140,62,320,0.3069,268,0,19,121,1,10,33,14,4,0.2012,0.1138,0.668,0.3006,0.3308,0.7273,0.2951,,245635.0,1243.0,5912.0,21.0,5521880.0,66892.0,,,
2020-08-14,TUR,17881,3766,873,13242,14615,350,17531,171,42,206,0.1972,181,0,34,137,0,1,29,7,5,0.1229,0.112,0.6217,0.1217,0.2166,0.4286,0.1958,,246861.0,1226.0,5934.0,22.0,5592072.0,70192.0,,,
2020-08-15,TUR,16197,3044,866,12287,13393,213,15984,105,42,177,0.2857,140,0,12,93,0,15,20,6,1,0.0668,0.0292,0.0928,0.1577,0.2778,0.4167,0.2604,,248117.0,1256.0,5955.0,21.0,5659286.0,67214.0,,,
2020-08-16,TUR,16559,3533,905,12121,13607,178,16381,125,78,221,0.3842,155,0,11,114,0,5,53,13,7,0.5181,0.6841,0.0489,0.4404,0.3806,0.4286,0.378,,249309.0,1192.0,5974.0,19.0,5725242.0,65956.0,,,
2020-08-17,TUR,21431,6271,1002,14158,17715,267,21164,146,72,320,0.3303,255,0,8,138,0,8,52,9,3,0.4392,0.2169,0.2325,0.6412,0.3286,0.5333,0.304,,250542.0,1233.0,5996.0,22.0,5800088.0,74846.0,,,
2020-08-18,TUR,19150,4047,948,14155,15875,285,18865,163,54,269,0.2488,222,0,17,146,0,6,40,5,3,0.1357,0.0548,0.1194,0.2573,0.2538,0.5556,0.2314,,251805.0,1263.0,6016.0,20.0,5882406.0,82318.0,,,
2020-08-19,TUR,18764,4243,1051,13470,15718,356,18408,171,47,302,0.2156,270,0,12,159,0,1,38,1,7,0.1188,0.0807,0.0205,0.2124,0.2349,0.3846,0.2206,,253108.0,1303.0,6039.0,23.0,5969629.0,87223.0,,,
2020-08-20,TUR,16075,3628,982,11465,12820,267,15808,149,104,250,0.4111,204,0,7,142,0,13,31,51,9,0.2116,0.2285,0.2232,0.1895,0.325,0.4545,0.3154,,254520.0,1412.0,6058.0,19.0,6061930.0,92301.0,,,
2020-08-21,TUR,13705,3010,827,9868,10917,231,13474,173,53,241,0.2345,208,0,15,158,1,6,29,11,6,0.3076,0.2613,0.5748,0.4007,0.2893,0.6667,0.2477,,255723.0,1203.0,6080.0,22.0,6154157.0,92227.0,,,
2020-08-22,TUR,18031,3480,904,13647,15270,195,17836,149,48,216,0.2437,187,0,11,138,0,4,31,7,6,0.232,0.1714,0.309,0.411,0.2903,0.4167,0.2768,,257032.0,1309.0,6102.0,22.0,6247164.0,93007.0,,,
2020-08-23,TUR,17770,2913,997,13860,15303,172,17598,122,55,171,0.3107,87,0,9,113,1,2,28,7,17,0.5182,0.2311,0.6197,0.5784,0.3644,0.4,0.3611,,258249.0,1217.0,6121.0,19.0,6327466.0,80302.0,,,
2020-08-24,TUR,16688,3615,1030,12043,13928,261,16427,229,58,494,0.2021,445,0,30,199,0,3,36,6,13,0.3354,0.5086,0.1315,0.1944,0.2132,0.625,0.1768,,259692.0,1443.0,6139.0,18.0,6423409.0,95943.0,,,
2020-08-25,TUR,19529,4779,1052,13698,16422,319,19210,290,50,359,0.1471,311,0,21,269,1,0,27,6,16,0.1684,0.2331,0.0834,0.1128,0.1624,0.3846,0.1493,,261194.0,1502.0,6163.0,24.0,6521640.0,98231.0,,,
2020-08-26,TUR,16052,3513,904,11635,13502,248,15804,151,62,183,0.2911,138,0,15,136,0,3,42,9,8,0.5057,0.6266,0.0893,0.3648,0.3221,0.3889,0.313,,262507.0,1313.0,6183.0,20.0,6621749.0,100109.0,,,
2020-08-27,TUR,20688,4433,1058,15197,17667,333,20355,146,45,214,0.2356,165,0,35,111,0,2,35,5,3,0.4495,0.5132,0.9483,0.221,0.2636,0.5,0.2301,,263998.0,1491.0,6209.0,26.0,6727860.0,106111.0,,,
2020-08-28,TUR,19552,4341,1046,14165,16548,278,19274,111,21,223,0.1591,177,0,17,94,0,1,17,2,1,0.2376,0.3248,0.0533,0.0891,0.191,0.4286,0.1467,,265515.0,1517.0,6245.0,36.0,6835674.0,107814.0,,,
2020-08-29,TUR,17098,3779,1000,12319,14344,182,16916,127,56,193,0.306,121,0,8,119,0,1,47,8,0,0.1019,0.0255,0.2602,0.1951,0.3577,0.5455,0.3393,,267064.0,1549.0,6284.0,39.0,6937088.0,101414.0,,,
2020-08-30,TUR,14081,2755,849,10477,11301,160,13921,136,47,135,0.2568,98,0,8,128,0,0,27,15,5,0.1261,0.0729,0.1409,0.192,0.2313,0.4118,0.2051,,268546.0,1482.0,6326.0,42.0,7028390.0,91302.0,,,
2020-08-31,TUR,17802,3868,1239,12695,14360,260,17542,140,56,198,0.2857,144,0,17,123,0,6,36,11,3,0.1553,0.0987,0.3577,0.2138,0.2955,0.4167,0.2833,,270133.0,1587.0,6370.0,44.0,7138492.0,110102.0,,,
2020-09-01,TUR,20489,4349,1086,15054,17104,294,20195,141,54,653,0.2769,621,0,24,117,0,9,29,15,1,0.0865,0.0578,0.3918,0.1471,0.2754,0.5333,0.2439,,271705.0,1572.0,6417.0,47.0,7247935.0,109443.0,,,
2020-09-02,TUR,24555,4795,1323,18437,21043,339,24216,153,146,514,0.4883,429,0,15,138,0,87,50,5,4,0.247,0.136,0.6184,0.4293,0.4356,0.5,0.4301,,273301.0,1596.0,6462.0,45.0,7355862.0,107927.0,,,
2020-09-03,TUR,34537,7485,1339,25713,30933,566,33971,247,60,243,0.1954,196,0,31,216,0,5,46,4,5,0.0289,0.0059,0.3688,0.0842,0.2419,0.6,0.215,,274943.0,1642.0,6511.0,49.0,7466087.0,110225.0,,,
2020-09-04,TUR,31245,6005,1406,23834,27374,345,30900,245,64,265,0.2071,220,0,23,222,0,0,52,6,6,0.7499,0.8318,0.4008,0.2598,0.2009,0.5714,0.1767,,276555.0,1612.0,6564.0,53.0,7583200.0,117113.0,,,
2020-09-05,TUR,20746,4465,1168,15113,18026,242,20504,179,42,310,0.19,262,0,21,158,0,1,31,3,7,0.0477,0.006,0.0,0.1382,0.2244,0.0,0.2349,,278228.0,1673.0,6620.0,56.0,7682697.0,99497.0,,,
2020-09-06,TUR,21912,4664,1275,15973,19090,220,21692,290,37,195,0.1131,150,0,24,266,0,2,12,13,10,0.1,0.0268,0.0269,0.2111,0.1066,0.3846,0.0909,,279806.0,1578.0,6673.0,53.0,7779539.0,96842.0,,,
2020-09-07,TUR,17366,4277,1124,11965,13925,312,17054,184,53,397,0.2236,334,0,24,160,0,4,29,9,11,0.1312,0.1678,0.0206,0.0761,0.2267,0.3,0.2214,,281509.0,1703.0,6730.0,57.0,7883464.0,103925.0,,,
2020-09-08,TUR,20854,5435,1326,14093,16723,337,20517,222,79,372,0.2625,280,0,18,204,0,2,52,16,9,0.496,0.0556,0.1755,0.7801,0.3099,0.4211,0.299,,283270.0,1761.0,6782.0,52.0,7994029.0,110565.0,,,
2020-09-09,TUR,18097,4184,941,12972,14667,303,17794,211,57,242,0.2127,169,0,25,186,0,0,31,17,9,0.2764,0.3849,0.0456,0.1405,0.2216,0.28,0.2125,,284943.0,1673.0,6837.0,55.0,8105222.0,111193.0,,,
2020-09-10,TUR,20535,4629,1145,14761,17165,367,20168,160,66,279,0.292,192,0,23,137,0,3,36,16,11,0.3985,0.4775,0.892,0.3151,0.3101,0.4615,0.2966,,286455.0,1512.0,6895.0,58.0,8212924.0,107702.0,,,
2020-09-11,TUR,17954,3887,1060,13007,14417,257,17697,137,104,244,0.4315,192,0,16,121,0,49,36,15,4,0.5101,0.5846,0.9722,0.4322,0.4695,0.8462,0.4371,,288126.0,1671.0,6951.0,56.0,8325137.0,112213.0,,,
2020-09-12,TUR,21866,3981,1205,16680,16456,291,21575,419,109,306,0.2064,247,0,33,386,0,68,28,7,6,0.0583,0.0301,0.6087,0.1052,0.2125,0.375,0.2094,,289635.0,1509.0,6999.0,48.0,8423463.0,98326.0,,,
2020-09-13,TUR,16925,3344,1015,12566,13135,210,16715,289,58,351,0.1671,300,0,13,276,0,5,41,9,3,0.1437,0.3693,0.0124,0.0928,0.1593,0.2,0.1579,,291162.0,1527.0,7056.0,57.0,8519560.0,96097.0,,,
2020-09-14,TUR,17492,4072,1045,12375,14196,328,17164,151,86,278,0.3629,225,0,15,136,0,5,67,7,7,0.1762,0.1404,0.0129,0.3075,0.3966,0.5714,0.3812,,292878.0,1716.0,7119.0,63.0,8632123.0,112563.0,,,
2020-09-15,TUR,14704,3582,940,10182,11626,246,14458,235,209,191,0.4707,146,0,23,212,0,37,152,5,15,0.1381,0.0434,0.8099,0.1542,0.5217,0.6471,0.5157,,294620.0,1742.0,7186.0,67.0,8742535.0,110412.0,,,
2020-09-16,TUR,15048,3945,1039,10064,11787,328,14720,166,69,265,0.2936,208,0,14,152,0,12,37,11,9,0.0936,0.1275,0.4105,0.0865,0.3352,0.8182,0.3041,,296391.0,1771.0,7249.0,63.0,8855180.0,112645.0,,,
2020-09-17,TUR,17537,3781,998,12758,14534,314,17223,202,76,203,0.2734,165,0,22,180,0,37,28,8,3,0.1231,0.0269,0.1519,0.3181,0.3318,0.5833,0.3166,,298039.0,1648.0,7315.0,66.0,8965165.0,109985.0,,,
2020-09-18,TUR,15489,3727,1046,10716,12470,297,15192,244,69,240,0.2204,172,0,14,230,0,4,53,9,3,0.0741,0.0166,0.223,0.2227,0.234,0.625,0.2055,,299810.0,1771.0,7377.0,62.0,9076278.0,111113.0,,,
2020-09-19,TUR,15474,3223,895,11356,13007,214,15260,123,53,187,0.3011,130,0,6,117,0,3,44,5,1,0.0377,0.0049,0.3426,0.1316,0.3429,0.4444,0.3359,,301348.0,1538.0,7445.0,68.0,9173694.0,97416.0,,,
2020-09-20,TUR,16879,3105,982,12792,14091,178,16701,142,114,172,0.4453,122,0,11,131,0,37,69,8,0,0.2497,0.0826,0.0225,0.3549,0.4785,0.1667,0.4877,,302867.0,1519.0,7506.0,61.0,9269015.0,95321.0,,,
2020-09-21,TUR,15711,3802,990,10919,11296,252,15459,185,65,294,0.26,138,0,13,172,0,12,47,4,2,0.2602,0.3278,0.9897,0.1689,0.3313,0.875,0.3038,,304610.0,1743.0,7574.0,68.0,9381957.0,112942.0,,,
2020-09-22,TUR,13328,3455,852,9021,9316,261,13067,184,46,186,0.2,125,0,14,170,1,5,32,6,2,0.0706,0.1587,0.0689,0.0388,0.2216,0.5882,0.18,,306302.0,1692.0,7639.0,65.0,9496268.0,114311.0,,,
2020-09-23,TUR,12171,3052,726,8393,8425,248,11923,161,35,251,0.1786,184,0,13,148,0,3,22,8,2,0.1337,0.0921,0.0966,0.1661,0.1799,0.2222,0.1769,,308069.0,1767.0,7711.0,72.0,9608370.0,112102.0,,,
2020-09-24,TUR,14744,3667,922,10155,10218,246,14498,141,53,291,0.2732,238,0,12,129,1,6,31,11,4,0.4885,0.5644,0.2373,0.2956,0.3426,0.5833,0.3125,,309790.0,1721.0,7785.0,74.0,9721687.0,113317.0,,,
2020-09-25,TUR,12529,3115,894,8520,9467,272,12257,158,59,244,0.2719,183,0,19,139,0,6,44,8,1,0.1079,0.1587,0.0067,0.1625,0.3179,0.5455,0.3,,311455.0,1665.0,7858.0,73.0,9834572.0,112885.0,,,
2020-09-26,TUR,11376,2857,745,7774,8968,173,11203,177,47,151,0.2098,113,0,7,170,0,0,22,12,13,0.1477,0.0455,0.0553,0.3009,0.2139,0.25,0.2112,,312966.0,1511.0,7929.0,71.0,9936581.0,102009.0,,,
2020-09-27,TUR,9014,2003,665,6346,6634,144,8870,152,25,191,0.1412,105,0,5,147,0,2,12,9,2,0.0526,0.0067,0.9764,0.1054,0.1679,0.75,0.1318,,314433.0,1467.0,7997.0,68.0,10037700.0,101119.0,,,
2020-09-28,TUR,10189,2676,620,6893,7088,228,9961,247,45,273,0.1541,235,0,17,230,0,2,32,6,5,0.2381,0.4044,0.2075,0.1331,0.16,0.5833,0.133,,315845.0,1412.0,8062.0,65.0,10153223.0,115523.0,,,
2020-09-29,TUR,12113,2843,790,8480,9039,251,11862,275,47,196,0.146,144,0,21,254,0,0,37,7,3,0.147,0.1583,0.1567,0.1376,0.1446,0.6364,0.1212,,317272.0,1427.0,8130.0,68.0,10268163.0,114940.0,,,
2020-09-30,TUR,13322,3515,1032,8775,10525,289,13033,629,56,174,0.0818,139,0,17,612,0,3,43,3,7,0.0344,0.0145,0.6759,0.0401,0.0845,0.5,0.0685,,318663.0,1391.0,8195.0,65.0,10380261.0,112098.0,,,
2020-10-01,TUR,19626,4399,1066,14161,16049,294,19332,927,39,171,0.0404,128,0,13,914,1,5,24,7,2,0.0153,0.0433,0.0516,0.006,0.0329,0.3333,0.0256,,320070.0,1407.0,8262.0,67.0,10493807.0,113546.0,,,
2020-10-02,TUR,10319,2783,541,6995,5537,151,10168,337,72,239,0.176,216,0,10,327,0,2,53,10,7,0.0327,0.018,0.2062,0.0418,0.2082,0.7143,0.1804,,321512.0,1442.0,8325.0,63.0,10608664.0,114857.0,,,
2020-10-03,TUR,9559,1859,516,7184,6287,152,9407,149,71,522,0.3227,487,0,5,144,0,2,46,14,9,0.5015,0.5674,0.0351,0.4513,0.3054,0.4545,0.2949,,323014.0,1502.0,8384.0,59.0,10711883.0,103219.0,,,
2020-10-04,TUR,10606,1968,531,8107,7469,183,10423,211,77,243,0.2674,214,0,7,204,1,5,36,27,8,0.1293,0.0624,0.0284,0.1786,0.2715,0.3529,0.2647,,324443.0,1429.0,8441.0,57.0,10816285.0,104402.0,,,
2020-10-05,TUR,8927,2062,580,6285,5615,199,8728,151,70,144,0.3167,119,0,6,145,2,1,53,14,0,0.2266,0.2124,0.2418,0.2354,0.3506,0.7778,0.3241,,326046.0,1603.0,8498.0,57.0,10931917.0,115632.0,,,
2020-10-06,TUR,7824,1807,481,5536,4435,164,7660,178,57,145,0.2426,133,0,27,151,0,3,42,8,4,0.1895,0.1868,0.0974,0.2509,0.2743,0.6875,0.2327,,327557.0,1511.0,8553.0,55.0,11044338.0,112421.0,,,
2020-10-07,TUR,11519,3027,598,7894,8091,235,11284,167,74,203,0.3071,157,0,14,153,0,2,57,13,2,0.253,0.2135,0.6972,0.3316,0.3425,0.8333,0.3077,,329138.0,1581.0,8609.0,56.0,11160946.0,116608.0,,,
2020-10-08,TUR,11844,2614,608,8622,8806,262,11582,188,49,182,0.2068,127,0,10,178,0,5,26,9,9,0.2347,0.5154,0.0302,0.1609,0.1957,0.5556,0.1771,,330753.0,1615.0,8667.0,58.0,11278047.0,117101.0,,,
2020-10-09,TUR,9517,2345,615,6557,6673,233,9284,175,55,200,0.2391,148,0,22,153,1,1,35,12,6,0.2311,0.031,0.2751,0.3656,0.2832,0.5714,0.2579,,332382.0,1629.0,8722.0,55.0,11393342.0,115295.0,,,
2020-10-10,TUR,7584,1738,509,5337,4843,130,7454,144,45,141,0.2381,108,0,7,137,0,3,31,7,4,0.0422,0.0072,0.8306,0.0808,0.2754,0.6667,0.2667,,334031.0,1649.0,8778.0,56.0,11506444.0,113102.0,,,
2020-10-11,TUR,7764,1973,527,5264,5046,130,7634,356,61,143,0.1463,114,0,5,351,0,2,40,10,9,0.3251,0.579,0.1562,0.0264,0.1412,0.5,0.1211,,335533.0,1502.0,8837.0,59.0,11615745.0,109301.0,,,
2020-10-12,TUR,13168,3160,669,9339,10212,221,12947,241,63,201,0.2072,146,0,20,221,0,0,48,8,7,0.1878,0.0584,0.517,0.3269,0.2232,0.6,0.2063,,337147.0,1614.0,8895.0,58.0,11731350.0,115605.0,,,
2020-10-13,TUR,11410,2879,626,7905,7542,245,11165,203,103,179,0.3366,157,0,12,191,0,37,51,9,6,0.2262,0.0651,0.0923,0.4218,0.3745,0.6,0.3596,,338779.0,1632.0,8957.0,62.0,11846342.0,114992.0,,,
2020-10-14,TUR,10095,2697,636,6762,6697,263,9832,191,87,146,0.3129,121,0,18,173,0,32,43,7,5,0.1848,0.2132,0.8038,0.1511,0.3858,0.8,0.3516,,340450.0,1671.0,9014.0,57.0,11961670.0,115328.0,,,
2020-10-15,TUR,10079,2755,668,6656,6494,258,9821,219,64,179,0.2261,153,0,7,212,0,10,42,7,5,0.1106,0.0581,0.3564,0.2158,0.2356,0.6471,0.199,,342143.0,1693.0,9080.0,66.0,12077773.0,116103.0,,,
2020-10-16,TUR,11907,3391,722,7794,8839,330,11577,186,41,145,0.1806,110,0,16,170,1,7,29,4,0,0.1459,0.1018,0.2023,0.1878,0.1988,0.7333,0.1438,,343955.0,1812.0,9153.0,73.0,12194778.0,117005.0,,,
2020-10-17,TUR,8954,2214,672,6068,6306,208,8746,269,34,215,0.1122,175,0,17,252,0,4,15,5,10,0.0396,0.0138,0.028,0.1136,0.1107,0.5,0.0879,,345678.0,1723.0,9224.0,71.0,12306909.0,112131.0,,,
2020-10-18,TUR,9052,2153,630,6269,6215,159,8893,178,54,169,0.2328,138,0,19,159,0,3,44,5,2,0.1984,0.0984,0.7684,0.2948,0.2197,0.8182,0.179,,347493.0,1815.0,9296.0,72.0,12408312.0,101403.0,,,
2020-10-19,TUR,12551,3578,834,8139,9469,312,12239,210,50,223,0.1923,181,0,17,193,1,2,38,4,5,0.1319,0.1195,0.3985,0.1307,0.201,0.625,0.1649,,349519.0,2026.0,9371.0,75.0,12524561.0,116249.0,,,
2020-10-20,TUR,11172,3076,740,7356,8170,326,10846,206,47,159,0.1858,119,0,15,191,0,1,21,6,19,0.1738,0.067,0.0673,0.2232,0.203,0.7692,0.164,,351413.0,1894.0,9445.0,74.0,12641126.0,116565.0,,,
2020-10-21,TUR,9956,2895,832,6229,7179,228,9728,213,55,164,0.2052,139,0,22,191,1,2,27,16,9,0.0785,0.0929,0.2271,0.0622,0.2051,0.5,0.1823,,353426.0,2013.0,9513.0,68.0,12759069.0,117943.0,,,
2020-10-22,TUR,9794,2916,823,6055,6273,235,9559,140,48,134,0.2553,116,0,24,116,1,3,24,16,4,0.193,0.0617,0.284,0.4425,0.2835,0.6364,0.25,,355528.0,2102.0,9584.0,71.0,12876267.0,117198.0,,,
2020-10-23,TUR,10290,3350,857,6083,7167,241,10049,145,41,199,0.2204,157,0,8,137,0,2,34,3,2,0.3092,0.3736,0.2496,0.2018,0.2302,0.4615,0.2035,,357693.0,2165.0,9658.0,74.0,12992246.0,115979.0,,,
2020-10-24,TUR,28270,9232,1362,17676,24722,434,27836,135,21,224,0.1346,156,0,14,121,0,2,13,4,2,0.2025,0.2454,0.0,0.0457,0.1277,0.0,0.1333,,359784.0,2091.0,9727.0,69.0,13105673.0,113427.0,,,
2020-10-25,TUR,10096,2844,861,6391,7220,168,9928,145,41,167,0.2204,123,0,5,140,0,2,26,6,7,0.0883,0.01,0.8053,0.2061,0.2623,0.6316,0.1942,,361801.0,2017.0,9799.0,72.0,13217888.0,112215.0,,,
2020-10-26,TUR,10420,3249,822,6349,7411,247,10173,152,44,197,0.2245,165,0,10,142,1,0,28,9,6,0.2458,0.3204,0.3944,0.1126,0.2117,0.7143,0.1545,,363999.0,2198.0,9874.0,75.0,13350801.0,132913.0,,,
2020-10-27,TUR,11129,3938,892,6299,8192,246,10883,144,47,164,0.2461,127,0,14,130,0,2,35,3,7,0.3023,0.2772,0.1386,0.4385,0.2308,0.5333,0.1913,,366208.0,2209.0,9950.0,76.0,13478452.0,127651.0,,,
2020-10-28,TUR,9990,3243,816,5931,6880,197,9793,188,36,181,0.1607,155,0,49,139,0,2,28,5,1,0.0544,0.0099,0.5919,0.1778,0.2,0.75,0.1538,,368513.0,2305.0,10027.0,77.0,13606764.0,128312.0,,,
2020-10-29,TUR,10832,3634,884,6314,7634,239,10593,128,51,222,0.2849,180,0,8,120,0,0,37,9,5,0.1689,0.1099,0.77,0.4174,0.3246,0.6429,0.28,,370832.0,2319.0,10099.0,72.0,13741180.0,134416.0,,,
2020-10-30,TUR,10430,3190,759,6481,7280,198,10232,181,55,156,0.2331,121,0,12,169,0,17,30,3,5,0.2337,0.6585,0.8998,0.0805,0.2174,0.8,0.1575,,373154.0,2322.0,10177.0,78.0,13877705.0,136525.0,,,
2020-10-31,TUR,16916,4944,1247,10725,13656,326,16590,254,22,208,0.0797,118,0,9,245,0,5,9,7,1,0.0345,0.0257,0.8222,0.0167,0.0885,0.4706,0.0514,,375367.0,2213.0,10252.0,75.0,14001814.0,124109.0,,,
2020-11-01,TUR,24150,6117,1389,16644,20718,271,23879,232,39,262,0.1439,184,0,5,227,0,2,28,9,0,0.1643,0.2215,0.0693,0.0825,0.1606,0.2941,0.1477,,377473.0,2106.0,10326.0,74.0,14125157.0,123343.0,,,
2020-11-02,TUR,13805,3850,963,8992,10862,313,13492,148,42,233,0.2211,172,0,6,142,0,4,31,5,2,0.0835,0.0527,0.6769,0.1836,0.2241,0.4444,0.2056,,379775.0,2302.0,10402.0,76.0,14264260.0,139103.0,,,
2020-11-03,TUR,11970,3751,957,7262,9335,223,11747,142,31,183,0.1792,148,0,17,125,0,1,17,10,3,0.1573,0.4696,0.3186,0.0638,0.161,0.3125,0.1373,,382118.0,2343.0,10481.0,79.0,14410507.0,146247.0,,,
2020-11-04,TUR,11024,3327,959,6738,8482,216,10808,154,20,279,0.1149,234,0,11,143,0,0,16,1,3,0.1111,0.1003,0.3524,0.1169,0.1441,0.3636,0.12,,384509.0,2391.0,10558.0,77.0,14554923.0,144416.0,,,
2020-11-05,TUR,12510,4084,1012,7414,9736,271,12239,142,29,202,0.1696,161,0,9,133,0,1,20,6,2,0.0799,0.1267,0.0919,0.0672,0.176,0.4167,0.1504,,386820.0,2311.0,10639.0,81.0,14700951.0,146028.0,,,
2020-11-06,TUR,13491,4546,1056,7889,10999,387,13104,113,37,153,0.2467,114,0,5,108,0,2,24,8,3,0.0994,0.0866,0.203,0.1229,0.2927,0.6364,0.2394,,389256.0,2436.0,10722.0,83.0,14846192.0,145241.0,,,
2020-11-07,TUR,13894,4375,1137,8382,10669,272,13622,112,48,296,0.3,252,0,13,99,0,11,28,3,6,0.2022,0.0807,1.0,0.4663,0.4066,1.0,0.3494,,391739.0,2483.0,10803.0,81.0,14985867.0,139675.0,,,
2020-11-08,TUR,12437,3098,932,8407,9675,173,12264,100,39,207,0.2806,189,0,14,86,0,14,16,1,8,0.2197,0.0708,1.0,0.3627,0.3235,1.0,0.3168,,394255.0,2516.0,10887.0,84.0,15127811.0,141944.0,,,
2020-11-09,TUR,14382,4215,832,9335,10214,324,14058,632,86,299,0.1198,259,0,7,625,0,38,41,5,2,0.1023,0.02,0.7421,0.211,0.142,0.4167,0.1275,,396831.0,2576.0,10972.0,85.0,15273222.0,145411.0,,,
2020-11-10,TUR,14543,4600,1057,8886,10829,341,14202,398,137,449,0.2561,391,0,12,386,0,86,44,5,2,0.0822,0.0872,0.0277,0.1011,0.3047,0.3333,0.3029,,399360.0,2529.0,11059.0,87.0,15419420.0,146198.0,,,
2020-11-11,TUR,22742,7205,1588,13949,17810,421,22321,358,81,466,0.1845,390,0,15,343,0,28,27,3,23,0.1392,0.2119,0.0088,0.0826,0.2249,0.1818,0.2291,,402053.0,2693.0,11145.0,86.0,15565409.0,145989.0,,,
2020-11-12,TUR,16362,5582,1387,9393,12449,412,15950,323,60,304,0.1567,207,0,25,298,0,15,31,4,10,0.1058,0.0902,0.111,0.1451,0.1765,0.3125,0.1659,,404894.0,2841.0,11233.0,88.0,15713891.0,148482.0,,,
2020-11-13,TUR,20833,6866,1598,12369,16436,344,20489,333,92,163,0.2165,118,0,19,314,0,0,79,1,12,0.0863,0.0862,0.4012,0.0841,0.2323,0.4667,0.2203,,407939.0,3045.0,11326.0,93.0,15863833.0,149942.0,,,
2020-11-14,TUR,17048,5377,1596,10075,13570,301,16747,185,42,289,0.185,216,0,13,172,0,0,34,6,2,0.1076,0.0753,0.01,0.1728,0.1765,0.3333,0.1613,,411055.0,3116.0,11418.0,92.0,16013974.0,150141.0,,,
2020-11-15,TUR,17621,4746,1486,11389,13969,236,17385,196,44,248,0.1833,185,0,15,181,0,2,33,5,4,0.161,0.1589,0.1461,0.1727,0.2406,0.2222,0.2435,,414278.0,3223.0,11507.0,89.0,16156470.0,142496.0,,,
2020-11-16,TUR,17033,5714,1501,9818,13651,375,16658,279,83,235,0.2293,179,0,7,272,2,1,27,47,6,0.0998,0.0171,0.0041,0.2862,0.308,0.3636,0.3052,,417594.0,3316.0,11601.0,94.0,16307986.0,151516.0,,,
2020-11-17,TUR,32476,10931,2106,19439,28229,485,31991,164,71,285,0.3021,210,0,15,149,0,0,35,28,8,0.2744,0.086,0.1425,0.5609,0.3662,0.5385,0.3488,,421413.0,3819.0,11704.0,103.0,16464678.0,156692.0,,,
2020-11-18,TUR,20981,7126,1666,12189,17366,404,20577,232,51,267,0.1802,186,0,7,225,1,1,37,9,3,0.2064,0.0917,0.0428,0.4337,0.2343,0.5625,0.2013,,425628.0,4215.0,11820.0,116.0,16623489.0,158811.0,,,
2020-11-19,TUR,23718,7629,1711,14378,20112,492,23226,261,52,247,0.1661,191,0,15,246,0,0,24,7,21,0.0469,0.0409,0.1166,0.0477,0.1914,0.4762,0.1596,,430170.0,4542.0,11943.0,123.0,16781245.0,157756.0,,,
2020-11-20,TUR,23606,7730,2022,13854,20000,495,23111,166,55,311,0.2489,221,0,13,153,0,3,36,8,8,0.153,0.1818,0.2768,0.0728,0.2683,0.6842,0.1923,,435273.0,5103.0,12084.0,141.0,16937887.0,156642.0,,,
2020-11-21,TUR,20428,6754,1664,12010,17059,303,20125,137,71,362,0.3413,278,0,19,118,0,7,45,15,4,0.1367,0.0821,0.3013,0.4077,0.4646,0.5556,0.4556,,440805.0,5532.0,12219.0,135.0,17090101.0,152214.0,,,
2020-11-22,TUR,20648,6755,1920,11973,16904,253,20395,152,54,274,0.2621,176,0,2,150,0,1,21,21,11,0.1924,0.0865,0.8747,0.426,0.3273,0.5,0.2841,,446822.0,6017.0,12358.0,139.0,17245617.0,155516.0,,,
2020-11-23,TUR,17671,6117,1540,10014,14147,391,17280,214,51,285,0.1925,205,0,8,206,0,5,26,5,15,0.0504,0.0747,0.0066,0.0346,0.2061,0.4348,0.169,,453535.0,6713.0,12511.0,153.0,17406742.0,161125.0,,,
2020-11-24,TUR,14957,5270,1281,8406,11788,299,14658,182,57,258,0.2385,196,0,26,156,0,5,37,8,7,0.1577,0.0272,0.0305,0.6452,0.2752,0.45,0.2481,,460916.0,7381.0,12672.0,161.0,17568973.0,162231.0,,,
2020-11-25,TUR,18578,7425,1927,9226,15082,386,18192,133,68,218,0.3383,126,0,14,119,0,9,42,13,4,0.4487,0.3817,0.3733,0.6475,0.4537,0.5,0.4444,,467730.0,6814.0,12840.0,168.0,17733520.0,164547.0,,,
2020-11-26,TUR,21601,7306,1725,12570,18263,343,21258,227,40,258,0.1498,163,0,7,220,1,7,25,4,3,0.0476,0.0271,0.0802,0.091,0.2013,0.4444,0.1515,,503738.0,36008.0,13014.0,174.0,17901868.0,168348.0,,,
2020-11-27,TUR,20036,6967,1589,11480,17143,420,19616,131,52,277,0.2842,169,0,10,121,0,6,31,12,3,0.1446,0.1246,0.1017,0.2231,0.3204,0.5,0.2921,,548244.0,44506.0,13191.0,177.0,18072981.0,171113.0,,,
2020-11-28,TUR,29181,7381,2043,19757,26190,342,28839,114,49,213,0.3006,133,0,6,108,0,22,19,7,1,0.5138,0.4567,0.9768,0.1134,0.4021,0.5556,0.3864,,578347.0,30103.0,13373.0,182.0,18247424.0,174443.0,,,
2020-11-29,TUR,21148,5561,1704,13883,17777,295,20853,122,52,263,0.2989,193,0,7,115,0,2,23,19,8,0.439,0.4438,0.7924,0.3468,0.3429,0.6875,0.2809,,607628.0,29281.0,13558.0,185.0,18415636.0,168212.0,,,
2020-11-30,TUR,26217,8751,2323,15143,21304,484,25733,166,81,358,0.3279,244,0,18,148,0,27,31,17,6,0.1341,0.1866,0.0703,0.1049,0.3857,0.4615,0.3684,,638847.0,31219.0,13746.0,188.0,18592292.0,176656.0,,,
2020-12-01,TUR,21194,7581,1650,11963,16673,480,20714,208,307,485,0.5961,402,0,17,191,0,216,37,51,3,0.205,0.1395,0.9681,0.2019,0.6655,0.55,0.6741,,668957.0,30110.0,13936.0,190.0,18772604.0,180312.0,,,
2020-12-02,TUR,20977,7310,1798,11869,17162,491,20486,473,75,255,0.1369,168,0,21,452,1,8,45,10,11,0.2464,0.304,0.0181,0.183,0.1319,0.3182,0.1184,,700880.0,31923.0,14129.0,193.0,18956228.0,183624.0,,,
2020-12-03,TUR,20685,6583,1820,12282,17086,526,20159,310,60,350,0.1622,232,0,12,298,3,2,36,6,13,0.2341,0.3093,0.5474,0.0456,0.1213,0.5,0.0751,,733261.0,32381.0,14316.0,187.0,19143746.0,187518.0,,,
2020-12-04,TUR,18388,6234,1610,10544,15110,408,17980,179,54,274,0.2318,213,0,10,169,0,2,34,6,12,0.384,0.4331,0.4843,0.172,0.3023,0.6667,0.265,,765997.0,32736.0,14509.0,193.0,19338181.0,194435.0,,,
2020-12-05,TUR,16664,5589,1531,9544,13785,277,16387,174,52,211,0.2301,136,0,12,162,0,2,34,8,8,0.2991,0.3905,0.0089,0.1862,0.2174,0.2,0.2222,,797893.0,31896.0,14705.0,196.0,19517084.0,178903.0,,,
2020-12-06,TUR,17566,5816,1478,10272,14508,262,17304,197,39,248,0.1653,164,0,8,189,0,3,20,4,12,0.0464,0.0328,0.0125,0.1531,0.184,0.2,0.1818,,828295.0,30402.0,14900.0,195.0,19691845.0,174761.0,,,
2020-12-07,TUR,16055,5684,1206,9165,12265,358,15697,158,237,189,0.6,132,0,16,142,0,131,30,65,11,0.2359,0.5102,0.4112,0.0773,0.586,0.7333,0.5577,,860432.0,32137.0,15103.0,203.0,19888747.0,196902.0,,,
2020-12-08,TUR,17426,5783,1166,10477,13450,369,17057,239,82,267,0.2555,205,0,10,229,1,12,45,12,12,0.0876,0.0784,0.2157,0.0927,0.3125,0.4688,0.2812,,893630.0,33198.0,15314.0,211.0,20089966.0,201219.0,,,
2020-12-09,TUR,15929,5573,1187,9169,12356,340,15589,211,115,253,0.3528,169,0,21,190,0,7,87,11,10,0.216,0.2582,0.0132,0.2542,0.427,0.4,0.4303,,925342.0,31712.0,15531.0,217.0,20294377.0,204411.0,,,
2020-12-10,TUR,19372,6957,1636,10779,15960,411,18961,490,46,383,0.0858,288,0,15,475,0,5,25,12,4,0.1726,0.1993,0.0404,0.1139,0.1228,0.35,0.101,,1748567.0,,15751.0,220.0,20500579.0,206202.0,,,
2020-12-11,TUR,16163,5271,1182,9710,13295,347,15816,166,61,257,0.2687,147,0,9,157,0,2,20,15,24,0.2272,0.241,0.4137,0.1008,0.3565,0.3077,0.3627,,1780673.0,32106.0,15977.0,226.0,20709452.0,208873.0,,,
2020-12-12,TUR,17834,4977,1743,11114,13647,226,17608,144,57,191,0.2836,122,0,17,127,0,5,21,10,21,0.0825,0.0585,0.1355,0.1976,0.3162,0.4167,0.3048,,1809809.0,29136.0,16199.0,222.0,20898517.0,189065.0,,,
2020-12-13,TUR,13710,4511,1294,7905,10949,272,13438,233,32,189,0.1208,109,0,5,228,0,3,15,6,8,0.1547,0.0486,0.0062,0.213,0.1171,0.1429,0.1162,,1836728.0,26919.0,16417.0,218.0,21079716.0,181199.0,,,
2020-12-14,TUR,14986,4842,1057,9087,11782,311,14675,291,39,401,0.1182,286,0,19,272,0,1,22,10,6,0.2399,0.2653,0.3796,0.1899,0.1722,0.3333,0.1695,,1866345.0,29617.0,16646.0,229.0,21284005.0,204289.0,,,
2020-12-15,TUR,13711,4254,987,8470,10684,339,13372,189,45,247,0.1923,198,0,9,180,0,0,28,6,11,0.2001,0.0981,0.9116,0.2235,0.2075,0.1667,0.2092,,1898447.0,32102.0,16881.0,235.0,21490195.0,206190.0,,,
2020-12-16,TUR,15771,5334,1043,9394,12291,325,15446,275,52,240,0.159,137,0,24,251,0,11,30,5,6,0.0836,0.0684,0.0379,0.1079,0.1744,0.2857,0.1702,,1928165.0,29718.0,17121.0,240.0,21695592.0,205397.0,,,
2020-12-17,TUR,14554,4623,972,8959,10643,326,14228,291,92,338,0.2402,163,0,19,272,0,33,37,15,7,0.185,0.2014,0.0008,0.1575,0.257,0.1,0.2647,,1955680.0,27515.0,17364.0,243.0,21901694.0,206102.0,,,
2020-12-18,TUR,13376,4139,909,8328,9937,292,13084,201,179,218,0.4711,137,0,13,188,0,16,28,132,3,0.1809,0.1631,0.1194,0.2089,0.4699,0.2353,0.4871,,1982090.0,26410.0,17610.0,246.0,22107503.0,205809.0,,,
2020-12-19,TUR,16309,5361,1105,9843,12482,288,16021,225,52,215,0.1877,144,0,15,210,0,12,31,5,4,0.1043,0.0475,0.0649,0.2491,0.2083,0.1818,0.2102,,2004285.0,22195.0,17851.0,241.0,22280635.0,173132.0,,,
2020-12-20,TUR,21919,7410,1571,12938,17401,304,21615,313,48,383,0.133,314,0,5,308,0,4,29,9,6,0.2669,0.059,0.0003,0.4336,0.1402,0.05,0.1495,,2024601.0,20316.0,18097.0,246.0,22439527.0,158892.0,,,
2020-12-21,TUR,24532,8972,1690,13870,19527,424,24108,255,85,365,0.25,242,0,6,249,0,36,34,10,5,0.0986,0.0384,0.3552,0.1198,0.3,0.2143,0.3068,,2043704.0,19103.0,18351.0,254.0,22635637.0,196110.0,,,
2020-12-22,TUR,16780,5369,1131,10280,12677,326,16454,236,53,324,0.1834,248,0,14,222,0,11,23,12,7,0.0895,0.0491,0.0014,0.2377,0.1796,0.1111,0.1835,,2062960.0,19256.0,18602.0,251.0,22827953.0,192316.0,,,
2020-12-23,TUR,15113,4437,1144,9532,11288,341,14772,200,72,950,0.2647,896,0,12,188,0,5,40,19,8,0.2187,0.2065,0.5267,0.2723,0.3394,0.4545,0.3312,,2082610.0,19650.0,18861.0,259.0,23030162.0,202209.0,,,
2020-12-24,TUR,13050,3727,1067,8256,9725,285,12765,235,40,350,0.1455,261,0,9,226,0,4,15,8,13,0.0771,0.0471,0.0,0.1534,0.1818,0.0,0.1944,,2100712.0,18102.0,19115.0,254.0,23225837.0,195675.0,,,
2020-12-25,TUR,14776,4625,1436,8715,12050,243,14533,182,47,239,0.2052,175,0,12,170,0,20,15,7,5,0.1063,0.0921,0.0057,0.2949,0.3008,0.1818,0.3125,,2118255.0,17543.0,19371.0,256.0,23426941.0,201104.0,,,
2020-12-26,TUR,14765,4265,1172,9328,11719,240,14525,151,48,222,0.2412,117,0,3,148,0,19,10,14,5,0.0645,0.0307,0.0026,0.2021,0.2955,0.0625,0.3276,,2133373.0,15118.0,19624.0,253.0,23605813.0,178872.0,,,
2020-12-27,TUR,14245,3952,1196,9097,10232,239,14006,259,40,202,0.1338,122,0,10,249,0,12,15,9,4,0.19,0.2493,0.3253,0.1253,0.1742,0.0667,0.184,,2147578.0,14205.0,19878.0,254.0,23777926.0,172113.0,,,
2020-12-28,TUR,17552,3963,1134,12455,14240,269,17283,187,142,248,0.4316,175,0,23,164,0,30,17,83,12,0.1989,0.0508,0.0641,0.6362,0.5619,0.4,0.5694,,2162775.0,15197.0,20135.0,257.0,23958818.0,180892.0,,,
2020-12-29,TUR,10737,3402,888,6447,7242,243,10494,188,87,226,0.3164,152,0,8,180,0,8,21,47,11,0.328,0.356,0.0035,0.3977,0.3421,0.0714,0.3636,,2178580.0,15805.0,20388.0,253.0,24141935.0,183117.0,,,
2020-12-30,TUR,12069,3619,940,7510,8460,290,11779,352,149,319,0.2974,260,0,23,329,1,59,66,15,8,0.5513,0.5392,0.5538,0.5712,0.3187,0.1538,0.3248,,2194272.0,15692.0,20642.0,254.0,24326350.0,184415.0,,,
2020-12-31,TUR,11651,3813,934,6904,7770,268,11383,186,95,251,0.3381,202,0,15,171,0,18,49,20,8,0.3206,0.2993,0.4657,0.321,0.3416,0.8,0.3299,,2208652.0,14380.0,20881.0,239.0,24504567.0,178217.0,,,
2021-01-01,TUR,9997,3163,817,6017,6276,159,9838,190,38,148,0.1667,99,0,3,187,0,3,25,9,1,0.0493,0.02,0.0077,0.0775,0.1776,0.1429,0.1812,,2220855.0,12203.0,21093.0,212.0,24662670.0,158103.0,,,
2021-01-02,TUR,10931,2997,1081,6853,7607,198,10733,309,31,207,0.0912,137,0,8,301,0,4,14,6,7,0.0158,0.0071,0.3979,0.0311,0.1073,0.1579,0.1022,,2232035.0,11180.0,21295.0,202.0,24811888.0,149218.0,,,
2021-01-03,TUR,11985,3165,981,7839,8577,207,11778,416,36,240,0.0796,153,0,2,414,0,6,13,11,6,0.6963,0.4831,0.0309,0.7522,0.0754,0.0909,0.0749,,2241912.0,9877.0,21488.0,193.0,24950829.0,138941.0,,,
2021-01-04,TUR,9153,2663,751,5739,5627,188,8965,193,42,200,0.1787,113,0,6,187,0,0,12,27,3,0.1189,0.0649,0.1044,0.1464,0.2179,0.4444,0.2041,,2255607.0,13695.0,21685.0,197.0,25132152.0,181323.0,,,
2021-01-05,TUR,8975,2848,855,5272,5436,227,8748,267,46,341,0.147,288,0,5,262,0,1,26,15,4,0.5438,0.0519,0.4607,0.8134,0.1688,0.2,0.1677,,2270101.0,14494.0,21879.0,194.0,25315565.0,183413.0,,,
2021-01-06,TUR,10882,2747,756,7379,7542,197,10685,169,65,340,0.2778,280,0,6,163,0,5,51,4,5,0.6172,0.6725,0.3821,0.2066,0.3459,0.25,0.351,,2283931.0,13830.0,22070.0,191.0,25498210.0,182645.0,,,
2021-01-07,TUR,9497,2616,650,6231,6273,189,9308,264,33,178,0.1111,136,0,23,241,0,4,19,4,6,0.5228,0.6421,0.0,0.0565,0.0934,0.0,0.095,,2296102.0,12171.0,22264.0,194.0,25681213.0,183003.0,,,
2021-01-08,TUR,8605,2683,641,5281,5248,237,8368,225,50,153,0.1818,104,0,13,212,0,5,23,9,13,0.9002,0.9467,0.0,0.1514,0.1623,0.0,0.1786,,2307581.0,11479.0,22450.0,186.0,25865406.0,184193.0,,,
2021-01-09,TUR,8262,2276,732,5254,5363,144,8118,179,32,234,0.1517,91,0,9,170,0,7,14,9,2,0.5674,0.7427,0.0246,0.0626,0.1571,0.4286,0.1429,,2317118.0,9537.0,22631.0,181.0,26033695.0,168289.0,,,
2021-01-10,TUR,11282,2505,771,8006,8408,155,11127,153,51,150,0.25,83,0,23,130,0,4,28,9,10,0.8341,0.8659,0.1065,0.1712,0.2577,0.0909,0.2791,,2326256.0,9138.0,22807.0,176.0,26196481.0,162786.0,,,
2021-01-11,TUR,11600,3074,899,7627,8562,244,11356,178,62,166,0.2583,127,0,6,172,0,2,41,14,5,0.7118,0.8166,0.356,0.1392,0.2771,0.1538,0.2876,,2336476.0,10220.0,22981.0,174.0,26376784.0,180303.0,,,
2021-01-12,TUR,12269,3121,848,8300,8832,243,12026,300,54,201,0.1525,150,0,16,284,0,8,31,7,8,0.6941,0.7683,0.0793,0.0531,0.1521,0.2727,0.1456,,2346285.0,9809.0,23152.0,171.0,26555992.0,179208.0,,,
2021-01-13,TUR,11882,3311,919,7652,8108,260,11622,307,55,254,0.1519,191,0,10,297,1,20,25,3,6,0.6104,0.8486,0.1723,0.0399,0.1306,0.1667,0.1289,,2355839.0,9554.0,23325.0,173.0,26729595.0,173603.0,,,
2021-01-14,TUR,14996,5003,1133,8765,9976,316,14585,208,55,338,0.2091,238,0,12,196,0,11,37,4,3,0.747,0.8277,0.8373,0.1821,0.2013,0.2222,0.2,,2364801.0,8962.0,23495.0,170.0,26899442.0,169847.0,,,
2021-01-15,TUR,16179,4198,852,10787,12215,361,15476,247,73,229,0.2281,150,0,19,228,0,2,46,17,8,0.4125,0.4418,0.0111,0.2904,0.2474,0.375,0.2419,,2373115.0,8314.0,23664.0,169.0,27066653.0,167211.0,,,
2021-01-16,TUR,12074,2893,840,8030,8633,166,11597,228,109,214,0.3234,149,0,14,214,1,8,68,17,15,0.6489,0.7801,0.1478,0.187,0.3148,0.2857,0.3158,,2380665.0,7550.0,23832.0,168.0,27223445.0,156792.0,,,
2021-01-17,TUR,11069,2661,920,7210,7887,125,10666,171,165,193,0.4911,159,0,20,151,1,1,100,37,26,0.7416,0.7912,0.0026,0.5139,0.5282,0.1111,0.5439,,2387101.0,6436.0,23997.0,165.0,27372081.0,148636.0,,,
2021-01-18,TUR,10215,2687,616,6591,6999,191,9703,263,140,203,0.3474,153,0,7,256,0,3,115,11,11,0.7763,0.885,0.0,0.2569,0.331,0.0,0.3392,,2392963.0,5862.0,24161.0,164.0,27523423.0,151342.0,,,
2021-01-19,TUR,9259,2686,714,5635,5721,248,8787,165,87,208,0.3452,150,0,5,160,0,6,61,14,6,0.737,0.8535,0.19,0.1813,0.3704,0.3333,0.3725,,2399781.0,6818.0,24328.0,167.0,27698556.0,175133.0,,,
2021-01-20,TUR,9435,2860,716,5672,6526,200,9048,227,53,345,0.1893,310,0,15,212,2,1,41,3,6,0.6857,0.7435,0.1226,0.4583,0.199,0.375,0.1913,,2406216.0,6435.0,24487.0,159.0,27867450.0,168894.0,,,
2021-01-21,TUR,9010,2376,574,5833,5687,206,8577,207,83,156,0.2862,119,0,13,194,0,2,57,8,16,0.7478,0.8397,0.6077,0.1774,0.3218,0.4286,0.3179,,2412505.0,6289.0,24640.0,153.0,28032559.0,165109.0,,,
2021-01-22,TUR,9581,2718,644,5872,6119,176,9058,368,104,212,0.2203,174,0,13,355,0,3,94,1,6,0.7991,0.8644,0.1256,0.2111,0.2418,0.3529,0.2353,,2418472.0,5967.0,24789.0,149.0,28195901.0,163342.0,,,
2021-01-23,TUR,11743,2692,763,7387,8032,174,10668,279,67,145,0.1936,107,0,1,278,0,6,53,4,4,0.6963,0.7922,0.001,0.0862,0.181,0.0588,0.1907,,2424328.0,5856.0,24933.0,144.0,28348659.0,152758.0,,,
2021-01-24,TUR,10775,3107,675,6491,7037,146,10127,182,48,142,0.2087,101,0,13,169,0,2,26,13,7,0.8413,0.9359,0.6835,0.1405,0.2013,0.6667,0.1724,,2429605.0,5277.0,25073.0,140.0,28497084.0,148425.0,,,
2021-01-25,TUR,11980,3417,779,7246,7988,257,11185,236,77,318,0.246,257,0,6,230,0,1,45,27,4,0.6332,0.7313,0.0,0.4342,0.2804,0.0,0.2961,,2435247.0,5642.0,25210.0,137.0,28648193.0,151109.0,,,
2021-01-26,TUR,10291,2680,760,6834,6878,180,10094,275,66,197,0.1935,147,0,7,268,0,3,61,2,0,0.7477,0.8182,0.0117,0.4801,0.1625,0.1667,0.1622,,2442350.0,7103.0,25344.0,134.0,28828496.0,180303.0,,,
2021-01-27,TUR,10067,2881,682,6504,6223,189,9878,293,63,178,0.177,129,0,8,285,0,6,50,5,2,0.6005,0.6705,0.0249,0.1474,0.1779,0.4,0.1687,,2449839.0,7489.0,25476.0,132.0,29007915.0,179419.0,,,
2021-01-28,TUR,8645,2601,641,5403,5524,220,8425,355,32,183,0.0827,150,0,12,343,0,4,23,3,2,0.7858,0.8756,0.0,0.2797,0.0621,0.0,0.0627,,2457118.0,7279.0,25605.0,129.0,29181125.0,173210.0,,,
2021-01-29,TUR,8854,2787,618,5449,5521,234,8620,209,42,265,0.1673,231,0,27,182,0,1,25,13,3,0.7476,0.8604,0.0569,0.0398,0.1382,0.2857,0.131,,2464030.0,6912.0,25736.0,131.0,29346219.0,165094.0,,,
2021-01-30,TUR,7737,2282,589,4866,4890,136,7601,143,42,110,0.227,82,0,9,134,0,15,17,5,5,0.5249,0.6045,0.0249,0.234,0.265,0.2857,0.2636,,2470901.0,6871.0,25865.0,129.0,29495004.0,148785.0,,,
2021-01-31,TUR,8926,2557,796,5573,5954,147,8779,138,60,154,0.303,90,0,5,133,0,11,28,15,6,0.3702,0.3581,0.0198,0.4272,0.386,0.1667,0.3981,,2477463.0,6562.0,25993.0,128.0,29631422.0,136418.0,,,
2021-02-01,TUR,10043,3140,991,5912,7341,204,9839,134,34,154,0.2024,102,0,12,122,0,1,25,6,2,0.679,0.7312,0.6794,0.0653,0.2474,0.2,0.25,,2485182.0,7719.0,26117.0,124.0,29773125.0,141703.0,,,
2021-02-02,TUR,9690,2657,922,6111,6581,174,9516,256,43,161,0.1438,130,0,4,252,0,4,30,7,2,0.7518,0.8176,0.0,0.1335,0.1302,0.0,0.1316,,2492977.0,7795.0,26237.0,120.0,29913245.0,140120.0,,,
2021-02-03,TUR,8691,2502,698,5491,5756,178,8513,159,38,132,0.1929,101,0,10,149,0,0,33,4,1,0.8178,0.8533,0.0569,0.1177,0.1339,0.25,0.1296,,2501079.0,8102.0,26354.0,117.0,30061437.0,148192.0,,,
2021-02-04,TUR,8403,2516,643,5244,5993,198,8205,157,41,149,0.2071,106,0,18,139,0,1,24,9,7,0.7916,0.8246,0.0,0.505,0.2397,0.0,0.2544,,2508988.0,7909.0,26467.0,113.0,30206504.0,145067.0,,,
2021-02-05,TUR,8619,2529,718,5372,6293,184,8435,110,18,118,0.1406,88,0,20,90,0,0,11,5,2,0.5701,0.7285,0.0001,0.0226,0.119,0.1429,0.1169,,2516889.0,7901.0,26577.0,110.0,30349042.0,142538.0,,,
2021-02-06,TUR,8446,2297,803,5346,6435,121,8325,97,26,91,0.2114,71,0,12,85,0,1,14,3,8,0.7662,0.8608,0.0,0.2075,0.25,0.0,0.2568,,2524786.0,7897.0,26685.0,108.0,30486691.0,137649.0,,,
2021-02-07,TUR,8725,2565,768,5392,6472,140,8585,141,34,459,0.1943,418,0,10,131,0,2,26,5,1,0.6132,0.6915,0.0019,0.0911,0.2128,0.125,0.2209,,2531456.0,6670.0,26797.0,112.0,30616406.0,129715.0,,,
2021-02-08,TUR,8798,2621,646,5531,6407,216,8582,98,43,153,0.305,115,0,5,93,0,1,32,8,2,0.8638,0.9304,0.0,0.319,0.2619,0.0,0.2785,,2539559.0,8103.0,26900.0,103.0,30755784.0,139378.0,,,
2021-02-09,TUR,9107,2481,931,5695,6333,188,8919,148,27,132,0.1543,84,0,11,137,0,2,13,8,4,0.8371,0.9022,0.2792,0.249,0.1579,0.3333,0.1429,,2548195.0,8636.0,26998.0,98.0,30893496.0,137712.0,,,
2021-02-10,TUR,6698,2109,625,3964,4270,171,6527,196,29,189,0.1289,163,0,32,164,0,2,20,7,0,0.7296,0.7826,0.0,0.0602,0.1439,0.0,0.1545,,2556837.0,8642.0,27093.0,95.0,31029363.0,135867.0,,,
2021-02-11,TUR,9148,2450,567,6131,6869,299,8849,125,48,196,0.2775,159,0,5,120,0,1,31,14,2,0.8752,0.9209,0.0244,0.2787,0.2458,0.4444,0.2294,,2564427.0,7590.0,27187.0,94.0,31159676.0,130313.0,,,
2021-02-12,TUR,8576,2374,611,5591,6244,247,8329,183,33,330,0.1528,250,0,18,165,0,2,22,5,4,0.6567,0.7152,0.0375,0.1862,0.1439,0.1667,0.1429,,2572190.0,7763.0,27284.0,97.0,31289306.0,129630.0,,,
2021-02-13,TUR,9866,2639,785,6442,7694,175,9691,211,46,233,0.179,194,0,9,202,0,0,37,8,1,0.6262,0.7994,0.0084,0.4179,0.1897,0.2,0.1893,,2579896.0,7706.0,27377.0,93.0,31412611.0,123305.0,,,
2021-02-14,TUR,7162,2191,535,4436,5275,140,7022,168,36,121,0.1765,90,0,6,162,0,3,24,9,0,0.6595,0.6843,0.898,0.1415,0.1615,0.2,0.16,,2586183.0,6287.0,27471.0,94.0,31516719.0,104108.0,,,
2021-02-15,TUR,11425,3316,794,7315,9079,225,11200,158,33,184,0.1728,124,0,6,152,0,2,22,6,3,0.6855,0.7746,0.1136,0.4742,0.1933,0.2222,0.1909,,2594128.0,7945.0,27562.0,91.0,31633171.0,116452.0,,,
2021-02-16,TUR,9647,2775,741,6131,7287,249,9398,218,42,143,0.1615,117,0,4,214,0,2,27,11,2,0.658,0.7362,0.0,0.1081,0.1786,0.0,0.1829,,2602034.0,7906.0,27652.0,90.0,31748965.0,115794.0,,,
2021-02-17,TUR,8921,2730,792,5399,6436,208,8713,162,39,155,0.194,126,0,14,148,0,12,21,4,2,0.5729,0.625,0.0111,0.3248,0.248,0.2857,0.2458,,2609359.0,7325.0,27738.0,86.0,31866086.0,117121.0,,,
2021-02-18,TUR,7339,2250,625,4464,4976,187,7152,175,40,149,0.186,99,0,10,165,0,6,21,8,5,0.7068,0.7868,0.0164,0.2368,0.2015,0.1667,0.2031,,2616600.0,7241.0,27821.0,83.0,31981492.0,115406.0,,,
2021-02-19,TUR,7438,2145,589,4704,5176,166,7272,186,43,193,0.1878,118,0,10,176,0,3,22,10,8,0.6463,0.788,0.2492,0.1029,0.209,0.2,0.2093,,2624019.0,7419.0,27903.0,82.0,32098166.0,116674.0,,,
2021-02-20,TUR,7071,1919,704,4448,4975,106,6965,142,18,125,0.1125,79,0,11,131,0,1,7,8,2,0.5471,0.5663,0.0,0.1894,0.1149,0.0,0.1205,,2631876.0,7857.0,27983.0,80.0,32217077.0,118911.0,,,
2021-02-21,TUR,7452,2016,706,4730,4992,154,7298,143,31,96,0.1782,65,0,2,141,0,15,7,2,7,0.5795,0.7644,0.8941,0.1112,0.2261,0.5714,0.2037,,2638422.0,6546.0,28060.0,77.0,32318182.0,101105.0,,,
2021-02-22,TUR,11707,3028,808,7871,9146,217,11490,190,37,228,0.163,94,0,2,188,0,1,26,7,3,0.7464,0.7818,0.7739,0.1753,0.1544,0.3333,0.1504,,2646526.0,8104.0,28138.0,78.0,32436998.0,118816.0,,,
2021-02-23,TUR,10432,3051,788,6593,7554,192,10240,107,45,137,0.2961,92,0,14,93,0,6,24,14,1,0.8358,0.8588,0.0874,0.498,0.3415,0.2,0.3506,,2655633.0,9107.0,28213.0,75.0,32560732.0,123734.0,,,
2021-02-24,TUR,9871,2772,779,6320,6972,235,9636,149,87,191,0.3686,148,0,16,133,0,55,22,7,3,0.6687,0.7896,0.0425,0.517,0.4359,0.5,0.4333,,2665194.0,9561.0,28285.0,72.0,32684747.0,124015.0,,,
2021-02-25,TUR,9132,2765,769,5598,6309,233,8899,194,36,127,0.1565,93,0,14,180,0,2,22,6,6,0.6521,0.7812,0.0053,0.0974,0.1643,0.1429,0.1654,,2674766.0,9572.0,28358.0,73.0,32811274.0,126527.0,,,
2021-02-26,TUR,10397,2738,871,6788,6903,196,10201,123,35,162,0.2215,108,0,11,112,0,5,20,7,3,0.9138,0.9361,0.0,0.8058,0.1978,0.0,0.2,,2683971.0,9205.0,28432.0,74.0,32939661.0,128387.0,,,
2021-02-27,TUR,7141,2105,665,4371,4708,137,7004,159,47,92,0.2282,57,0,9,150,0,3,31,11,2,0.537,0.5497,0.0283,0.3881,0.2741,0.2,0.2769,,2693164.0,9193.0,28503.0,71.0,33065377.0,125716.0,,,
2021-02-28,TUR,7110,1866,559,4685,5055,109,7001,115,32,102,0.2177,65,0,5,110,0,3,19,5,5,0.6449,0.7478,0.0566,0.3576,0.2045,0.3077,0.1867,,2701588.0,8424.0,28569.0,66.0,33175016.0,109639.0,,,
2021-03-01,TUR,11592,4189,877,6526,9085,285,11307,116,42,305,0.2658,270,0,9,107,0,0,23,14,5,0.719,0.7859,0.0158,0.2496,0.3367,0.4,0.3333,,2711479.0,9891.0,28638.0,69.0,,,,,
2021-03-02,TUR,9263,3066,816,5381,6708,219,9044,116,46,713,0.284,112,558,5,111,0,8,28,7,3,0.6728,0.7174,0.0146,0.2903,0.3407,0.25,0.3448,,2723316.0,11837.0,28706.0,68.0,,,,,
2021-03-03,TUR,8204,2324,734,5146,5335,203,8001,139,52,747,0.2723,102,618,12,127,0,3,39,7,3,0.9038,0.9822,0.0,0.5837,0.2734,0.0,0.3043,,2734836.0,11520.0,28771.0,65.0,,,,,
2021-03-04,TUR,8604,2710,669,5225,5894,223,8381,146,46,783,0.2396,132,618,17,129,0,1,38,4,3,0.4146,0.4811,0.0061,0.3087,0.25,0.0909,0.2673,,2746158.0,11322.0,28839.0,68.0,33716746.0,137885.0,,,
2021-03-05,TUR,7247,2238,617,4392,4483,180,7067,170,35,691,0.1707,175,476,26,144,0,1,20,9,5,0.1846,0.1905,0.0014,0.131,0.1825,0.1,0.189,,2757460.0,11302.0,28901.0,62.0,,,,,
2021-03-06,TUR,8443,2701,896,4846,6024,169,8274,146,117,725,0.4449,145,556,7,139,0,0,19,26,72,0.7966,0.8305,0.0,0.3528,0.5226,0.0,0.5417,,2769230.0,11770.0,28965.0,64.0,,,,,
2021-03-07,TUR,6541,1844,583,4114,4381,100,6441,141,42,498,0.2295,66,412,7,134,0,1,20,16,5,0.8516,0.8867,0.9296,0.2813,0.229,0.2353,0.2281,,2780417.0,11187.0,29030.0,65.0,34122851.0,129299.0,,,
2021-03-08,TUR,6796,2051,578,4167,4604,172,6624,134,26,622,0.1625,75,523,19,115,0,1,12,7,6,0.785,0.8779,0.0,0.0827,0.1683,0.0,0.1771,,2793632.0,13215.0,29094.0,64.0,,,,,
2021-03-09,TUR,6608,2003,583,4022,4383,181,6427,126,42,706,0.25,85,604,25,101,0,1,23,2,16,0.8004,0.8982,0.0095,0.7425,0.25,0.1667,0.2596,,2807387.0,13755.0,29160.0,66.0,,,,,
2021-03-10,TUR,7656,2427,730,4499,5069,212,7444,101,35,698,0.2574,86,563,6,95,0,2,25,4,4,0.8393,0.8707,0.5659,0.1248,0.2619,0.7143,0.2208,,2821943.0,14556.0,29227.0,67.0,,,,,
2021-03-11,TUR,12704,3736,1208,7760,9563,332,12372,183,48,897,0.2078,122,732,17,166,0,0,32,9,7,0.8992,0.8975,0.9429,0.858,0.2517,0.2727,0.25,,2835989.0,14046.0,29290.0,63.0,,,,,
2021-03-12,TUR,9899,2575,614,6710,7151,267,9632,206,38,733,0.1557,102,612,20,186,0,2,23,6,7,0.854,0.884,0.0,0.1954,0.1364,0.0,0.1379,,2850930.0,14941.0,29356.0,66.0,,,,,
2021-03-13,TUR,8045,2134,758,5153,6042,130,7915,104,28,522,0.2121,61,439,7,97,0,1,13,7,7,0.8441,0.9265,0.0,0.2079,0.2,0.0,0.2118,,2866012.0,15082.0,29421.0,65.0,,,,,
2021-03-14,TUR,9743,2529,779,6435,7495,162,9581,82,21,578,0.2039,66,453,2,80,0,2,15,2,2,0.7163,0.7299,0.0,0.1339,0.1636,0.0,0.1765,,2879390.0,13378.0,29489.0,68.0,35126003.0,132425.0,,,
2021-03-15,TUR,8505,2528,969,5008,5744,218,8287,103,39,670,0.2746,116,519,6,97,3,0,22,10,4,0.7532,0.8398,0.0,0.1162,0.2717,0.0,0.2778,,2894893.0,15503.0,29552.0,63.0,,,,,
2021-03-16,TUR,7784,2409,738,4637,5170,181,7603,101,42,823,0.2937,114,670,12,89,2,2,17,10,11,0.8048,0.9198,0.683,0.1738,0.3596,0.8,0.3333,,2911642.0,16749.0,29623.0,71.0,,,,,
2021-03-17,TUR,8829,2672,779,5378,5826,191,8638,148,37,791,0.2,96,658,17,131,0,5,24,7,1,0.6323,0.6698,0.0,0.2119,0.2211,0.0,0.2333,,2930554.0,18912.0,29696.0,73.0,,,,,
2021-03-18,TUR,7204,2235,659,4310,4453,139,7065,107,54,641,0.3354,89,521,9,98,0,0,39,5,10,0.8247,0.8845,0.424,0.1029,0.3679,0.6,0.3438,,2950603.0,20049.0,29777.0,81.0,35787480.0,184452.0,,,
2021-03-19,TUR,8077,2348,712,5017,5584,219,7858,98,30,813,0.2344,124,646,11,87,0,0,21,3,6,0.7649,0.8196,0.8856,0.1362,0.2027,0.4286,0.1791,,2971633.0,21030.0,29864.0,87.0,,,,,
2021-03-20,TUR,6112,1909,576,3627,3604,148,5964,108,34,586,0.2394,104,455,14,94,0,0,25,6,3,0.7049,0.7385,0.8744,0.2358,0.2857,0.2,0.2917,,2992694.0,21061.0,29959.0,95.0,,,,,
2021-03-21,TUR,9225,1921,760,6544,6612,135,9090,137,23,546,0.1437,72,434,11,126,0,1,18,1,3,0.6781,0.6974,0.106,0.0849,0.1319,0.1429,0.131,,3013122.0,20428.0,30061.0,102.0,36355374.0,189906.0,,,
2021-03-22,TUR,8521,2393,759,5369,5746,162,8359,142,53,598,0.2718,84,488,12,130,0,2,43,5,3,0.6047,0.7971,0.0005,0.2042,0.3101,0.25,0.312,,3035338.0,22216.0,30178.0,117.0,,,,,
2021-03-23,TUR,8393,2728,795,4870,5461,206,8187,158,62,930,0.2818,256,618,12,146,0,2,50,7,3,0.6728,0.7164,0.1153,0.2987,0.3026,0.25,0.3041,,3061520.0,26182.0,30316.0,138.0,,,,,
2021-03-24,TUR,18854,5269,1866,11719,15406,199,18655,141,100,860,0.4149,145,679,18,123,0,2,60,2,36,0.849,0.8893,0.1221,0.4229,0.491,0.2,0.5096,,3091282.0,29762.0,30462.0,146.0,,,,,
2021-03-25,TUR,9756,2758,843,6155,7016,233,9523,127,34,772,0.2112,144,607,17,110,0,0,24,1,9,0.9372,0.976,0.0986,0.1468,0.1942,0.3333,0.1856,,3120013.0,28731.0,30619.0,157.0,37212928.0,222753.0,,,
2021-03-26,TUR,9624,2390,667,6567,6908,189,9435,130,33,612,0.2025,96,475,12,118,4,0,21,7,1,0.6509,0.673,0.1544,0.29,0.2245,0.2308,0.2235,,3149094.0,29081.0,30772.0,153.0,,,,,
2021-03-27,TUR,9010,2200,716,6094,6604,141,8869,93,43,508,0.3162,56,408,3,90,0,0,37,3,3,0.8389,0.9418,0.0,0.3849,0.3462,0.0,0.36,,3179115.0,30021.0,30923.0,151.0,,,,,
2021-03-28,TUR,9328,2291,826,6211,6839,156,9172,102,37,636,0.2662,72,507,7,95,0,0,27,6,4,0.8705,0.9344,0.234,0.2171,0.2812,0.0769,0.3133,,3208173.0,29058.0,31076.0,153.0,,,,,
2021-03-29,TUR,13628,4358,1211,8059,10367,315,13313,260,40,1099,0.1333,119,917,15,245,0,1,28,6,5,0.7239,0.8429,0.0021,0.0368,0.1182,0.1,0.1192,,3240577.0,32404.0,31230.0,154.0,38102747.0,225511.0,,,
2021-03-30,TUR,14859,3789,1046,10024,11234,286,14573,304,29,1063,0.0871,133,890,11,293,2,0,19,7,1,0.7872,0.8551,0.0011,0.1742,0.062,0.1176,0.0578,,3277880.0,37303.0,31385.0,155.0,,,,,
2021-03-31,TUR,13911,3902,1067,8942,10496,269,13642,128,47,1122,0.2686,331,742,4,124,0,0,40,3,4,0.8993,0.9142,0.9831,0.4909,0.2667,0.3333,0.2613,,3317182.0,39302.0,31537.0,152.0,,,,,
2021-04-01,TUR,13056,3498,1022,8536,10241,258,12798,134,85,1249,0.3881,367,833,10,124,0,0,77,6,2,0.7614,0.9279,0.0,0.0943,0.4172,0.0,0.4198,,3357988.0,40806.0,31713.0,176.0,38821795.0,243738.0,,,
2021-04-02,TUR,11376,3094,929,7353,8829,233,11143,295,49,748,0.1424,98,624,29,266,0,3,33,6,7,0.5707,0.845,0.0022,0.0429,0.1284,0.125,0.1286,,3400296.0,42308.0,31892.0,179.0,,,,,
2021-04-03,TUR,13212,3548,1246,8418,10559,184,13028,187,28,623,0.1302,67,526,30,157,0,0,21,5,2,0.6628,0.7575,0.0002,0.0377,0.106,0.0714,0.1095,,3445052.0,44756.0,32078.0,186.0,,,,,
2021-04-04,TUR,9846,2606,1025,6215,7311,162,9684,99,33,512,0.25,79,406,3,96,0,1,18,6,8,0.8157,0.9,0.0075,0.1868,0.2892,0.6667,0.2597,,3487050.0,41998.0,32263.0,185.0,,,,,
2021-04-05,TUR,11954,3087,807,8060,8958,246,11708,105,111,742,0.5139,168,541,24,81,0,77,19,7,8,0.8197,0.9708,0.192,0.1517,0.5871,0.0769,0.6338,,3529601.0,42551.0,32456.0,193.0,39811595.0,245496.0,,,
2021-04-06,TUR,18225,5320,1325,11580,14703,339,17886,156,36,1315,0.1875,231,1045,37,119,1,2,26,5,2,0.7696,0.8517,0.0,0.0668,0.1908,0.0,0.2016,,3579185.0,49584.0,32667.0,211.0,,,,,
2021-04-07,TUR,17748,4506,1434,11808,12158,332,17416,171,24,1025,0.1231,137,842,15,156,1,1,16,1,5,0.493,0.588,0.0015,0.0586,0.1273,0.0667,0.1368,,3633925.0,54740.0,32943.0,276.0,,,,,
2021-04-08,TUR,16892,4337,1370,11185,13181,248,16644,155,41,961,0.2092,193,744,14,141,1,2,27,8,3,0.7541,0.8078,0.0,0.2989,0.1811,0.0,0.1885,,3689866.0,55941.0,33201.0,258.0,40689742.0,304492.0,,,
2021-04-09,TUR,13958,3860,1054,9044,11172,246,13712,121,30,833,0.1987,132,666,12,109,0,2,24,4,0,0.53,0.6818,0.0,0.1699,0.2211,0.0,0.2471,,3745657.0,55791.0,33454.0,253.0,,,,,
2021-04-10,TUR,14128,3540,1077,9511,11232,206,13922,118,54,738,0.314,120,597,15,103,1,8,41,4,0,0.6378,0.753,0.0031,0.3587,0.3413,0.0833,0.3684,,3798333.0,52676.0,33702.0,248.0,,,,,
2021-04-11,TUR,11460,3021,1292,7147,8754,183,11277,154,34,919,0.1809,225,664,3,151,0,2,26,4,2,0.6802,0.7667,0.14,0.2447,0.2231,0.1111,0.2321,,3849011.0,50678.0,33939.0,237.0,,,,,
2021-04-12,TUR,16758,4917,1313,10528,12822,317,16441,199,32,1628,0.1385,183,1382,8,191,0,4,17,7,4,0.5645,0.7053,0.1994,0.0407,0.1277,0.1333,0.127,,3903573.0,54562.0,34182.0,243.0,41892922.0,301068.0,,,
2021-04-13,TUR,16322,4560,1228,10534,13151,263,16059,173,63,935,0.2669,145,760,23,150,0,8,41,11,3,0.7655,0.8517,0.0485,0.1567,0.3072,0.2353,0.3154,,3962760.0,59187.0,34455.0,273.0,,,,,
2021-04-14,TUR,14929,4082,1171,9676,11402,250,14679,155,43,1005,0.2172,107,848,6,149,0,3,28,10,2,0.8302,0.862,0.7261,0.1114,0.2342,0.375,0.2233,,4025557.0,62797.0,34734.0,279.0,,,,,
2021-04-15,TUR,13084,3638,1205,8241,10074,266,12818,222,63,1050,0.2211,212,785,7,215,0,19,25,12,7,0.5685,0.6738,0.0737,0.0905,0.2338,0.2,0.2356,,4086957.0,61400.0,35031.0,297.0,42828122.0,318217.0,,,
2021-04-16,TUR,12525,3531,1055,7939,9834,211,12314,204,43,1015,0.1741,188,788,16,188,0,5,26,10,2,0.6882,0.7235,0.0016,0.0609,0.1333,0.1,0.1355,,4150039.0,63082.0,35320.0,289.0,,,,,
2021-04-17,TUR,14218,3340,1100,9778,10981,216,14002,200,25,899,0.1111,149,706,10,190,1,0,17,4,3,0.7081,0.7601,0.9895,0.0368,0.0724,0.3333,0.0616,,4212645.0,62606.0,35608.0,288.0,,,,,
2021-04-18,TUR,18385,3935,1302,13148,15500,231,18154,147,35,1077,0.1923,155,680,13,134,0,0,21,4,10,0.3445,0.5842,0.0169,0.0521,0.1832,0.3571,0.1624,,4268447.0,55802.0,35926.0,318.0,,,,,
2021-04-19,TUR,15433,4193,1395,9845,12351,243,15190,175,80,1029,0.3137,141,811,12,163,1,1,67,10,1,0.6892,0.7326,0.4342,0.3529,0.3333,0.5,0.3212,,4323596.0,55149.0,36267.0,341.0,,,,,
2021-04-20,TUR,18543,4857,1256,12430,15409,300,18243,142,44,1137,0.2366,162,914,10,132,1,1,27,9,6,0.8067,0.8546,0.5634,0.2104,0.2362,0.2857,0.2301,,4384624.0,61028.0,36613.0,346.0,,,,,
2021-04-21,TUR,16156,3863,1120,11173,13031,245,15911,148,33,942,0.1823,100,796,10,138,1,2,20,9,1,0.7315,0.8278,0.9332,0.0917,0.1811,0.75,0.1429,,4446591.0,61967.0,36975.0,362.0,,,,,
2021-04-22,TUR,11695,3072,898,7725,8698,222,11473,190,45,759,0.1915,87,650,12,178,0,1,34,6,4,0.6425,0.783,0.2358,0.0569,0.2026,0.3,0.1958,,4501382.0,54791.0,37329.0,354.0,45040704.0,312109.0,,,
2021-04-23,TUR,10929,2709,896,7324,8089,153,10776,149,120,744,0.4461,111,571,9,140,0,3,15,99,3,0.6797,0.8267,0.2011,0.3731,0.5118,0.2727,0.525,,4550820.0,49438.0,37672.0,343.0,,,,,
2021-04-24,TUR,12128,2846,943,8339,8824,165,11963,213,46,765,0.1776,112,602,6,207,0,2,22,22,0,0.3095,0.3524,0.5817,0.1151,0.2077,0.4,0.2022,,4591416.0,40596.0,38011.0,339.0,,,,,
2021-04-25,TUR,9870,2583,947,6340,6750,188,9682,217,41,687,0.1589,158,485,4,213,1,0,34,4,2,0.6166,0.7965,0.0,0.065,0.1919,0.0,0.1976,,4629969.0,38553.0,38358.0,347.0,45884258.0,260280.0,,,
2021-04-26,TUR,13293,3834,1091,8368,10010,272,13021,191,94,686,0.3298,128,522,19,172,0,1,83,6,4,0.3935,0.4418,0.0029,0.1099,0.3668,0.1429,0.375,,4667281.0,37312.0,38711.0,353.0,46153151.0,268893.0,,,
2021-04-27,TUR,13157,3975,1183,7999,9811,219,12938,197,48,1185,0.1959,306,856,9,188,1,1,36,9,1,0.7555,0.8553,0.0194,0.1799,0.2,0.1429,0.2047,,4710582.0,43301.0,39057.0,346.0,,,,,
2021-04-28,TUR,15246,3778,1416,10052,11664,237,15009,342,61,1024,0.1514,237,755,12,330,0,10,43,7,1,0.7242,0.8003,0.0129,0.1581,0.1232,0.1154,0.124,,4751026.0,40444.0,39398.0,341.0,,,,,
2021-04-29,TUR,17081,4964,1378,10739,13299,262,16819,213,31,962,0.127,108,803,8,205,0,4,22,2,3,0.2466,0.3117,0.0,0.0353,0.1173,0.0,0.131,,4788700.0,37674.0,39737.0,339.0,46996712.0,278108.0,,,
2021-04-30,TUR,16463,4024,1436,11003,13087,316,16147,161,48,1107,0.2297,130,944,11,150,0,1,36,6,5,0.5065,0.6413,0.0021,0.1483,0.2214,0.2727,0.2167,,4820591.0,31891.0,40131.0,394.0,,,,,
2021-05-01,TUR,18721,4320,1879,12522,16061,181,18540,120,37,894,0.2357,116,748,12,108,0,1,22,11,3,0.81,0.8269,0.0179,0.2216,0.1915,0.25,0.1829,,4849408.0,28817.0,40504.0,373.0,,,,,
2021-05-02,TUR,13828,3699,1458,8671,11089,197,13631,247,46,932,0.157,115,764,23,224,0,13,19,14,0,0.3306,0.3749,0.9311,0.1069,0.2203,0.25,0.2193,,4875388.0,25980.0,40844.0,340.0,,,,,
2021-05-03,TUR,15843,3933,1291,10619,12952,312,15531,166,70,1322,0.2966,142,1146,6,160,0,0,61,8,1,0.3613,0.5545,0.0759,0.033,0.3292,0.125,0.3399,,4900121.0,24733.0,41191.0,347.0,47987986.0,243648.0,,,
2021-05-04,TUR,12317,3324,2585,6408,9486,216,12101,116,38,894,0.2468,150,699,17,99,0,1,34,2,1,0.7843,0.8199,0.2293,0.4434,0.3368,0.1667,0.3483,,4929118.0,28997.0,41527.0,336.0,,,,,
2021-05-05,TUR,10553,2933,914,6706,7363,235,10318,232,20,776,0.0794,110,609,19,213,0,2,13,2,3,0.1549,0.1883,0.0079,0.0149,0.0732,0.1667,0.0616,,4955594.0,26476.0,41883.0,356.0,,,,,
2021-05-06,TUR,10821,2960,850,7011,7866,258,10563,238,34,784,0.125,96,659,9,229,0,12,17,3,2,0.5732,0.6215,0.1135,0.0597,0.1156,0.1429,0.1145,,4977982.0,22388.0,42187.0,304.0,48712606.0,253382.0,,,
2021-05-07,TUR,11316,2937,818,7561,8626,228,11088,169,31,764,0.155,140,604,17,152,0,11,16,1,3,0.3997,0.477,0.0005,0.1845,0.1525,0.1111,0.156,,4998089.0,20107.0,42465.0,278.0,,,,,
2021-05-08,TUR,10605,2913,817,6875,8279,129,10476,123,26,681,0.1745,98,551,6,117,0,2,10,9,5,0.5716,0.7998,0.0427,0.1141,0.1471,0.2727,0.1319,,5016141.0,18052.0,42746.0,281.0,,,,,
2021-05-09,TUR,9116,2312,838,5966,7051,122,8994,77,24,519,0.2376,87,387,7,70,0,0,15,5,4,0.7976,0.8421,0.8436,0.2053,0.2188,0.2222,0.2182,,5031332.0,15191.0,43029.0,283.0,,,,,
2021-05-10,TUR,9869,2761,907,6201,7103,174,9695,478,21,681,0.0421,101,564,13,465,0,2,10,6,3,0.2369,0.449,0.0561,0.0054,0.0284,0.1111,0.0265,,5044936.0,13604.0,43311.0,282.0,,,,,
2021-05-11,TUR,11073,2785,903,7385,7729,140,10933,349,34,856,0.0888,129,708,50,299,0,2,19,9,4,0.6117,0.7452,0.0043,0.0148,0.0645,0.0204,0.0739,,5059433.0,14497.0,43589.0,278.0,,,,,
